snp,predictor,correlation,FST
LT985733.1_33107931,CLYPPT,0.654797045,0.877752893
LT985734.1_104222954,PREC04,0.378020737,0.440874504
LT985734.1_107975537,CLYPPT,0.71430842,0.925503137
LT985734.1_14414866,WIND10,0.481311997,0.449829248
LT985734.1_14476614,BIO01,0.398089355,0.677772287
LT985734.1_36797055,BIO01,0.425248889,0.507794754
LT985734.1_41053669,BIO01,0.471131862,0.603184402
LT985734.1_41053681,BIO01,0.440097167,0.564905201
LT985734.1_50928125,CLYPPT,0.723093695,0.950821484
LT985734.1_74235072,BIO01,0.50535002,0.681919362
LT985734.1_99960525,BIO01,0.426751698,0.504574876
LT985736.1_20849019,CLYPPT,0.568115959,0.735476102
LT985736.1_37306668,BIO01,0.403954486,0.413672995
LT985737.1_23895604,BIO01,0.355594805,0.534736149
LT985739.1_33388160,CLYPPT,0.512146674,0.724743085
LT985741.1_23185263,BIO01,0.548570253,0.696764057
LT985742.1_12649681,BIO01,0.454122879,0.603641941
LT985742.1_21328256,BIO01,0.308045202,0.432936969
LT985742.1_21328282,BIO01,0.315617872,0.432818049
LT985742.1_21328300,BIO01,0.296142489,0.415756817
LT985743.1_48856554,BIO01,0.437511524,0.561153383
LT985743.1_48856621,BIO01,0.425324216,0.5182638
LT985743.1_48856669,BIO01,0.398830337,0.491750607
LT985743.1_48856696,BIO01,0.396167735,0.431264457
LT985743.1_48856755,BIO01,0.403930015,0.447611172
LT985743.1_51549936,SNDPPT,0.474679515,0.700309822
LT985743.1_69641,CLYPPT,0.358734265,0.583938031
LT985743.1_69644,CLYPPT,0.329373462,0.486590231
LT985743.1_69651,CLYPPT,0.451212393,0.746432255
LT985743.1_69655,CLYPPT,0.330976548,0.498470137
LT985743.1_69677,CLYPPT,0.392363726,0.586132273
LT985743.1_69681,CLYPPT,0.414592574,0.62013222
LT985744.1_16866300,PREC04,0.437414373,0.483777871
LT985744.1_16866333,CLYPPT,0.46445031,0.64949681
LT985744.1_17088802,BIO01,0.444033782,0.490029676
LT985744.1_17089084,CLYPPT,0.666969337,0.907129543
LT985744.1_17089112,BIO01,0.444033782,0.490029676
OLKR01000065.1_674811,CLYPPT,0.368614129,0.446143259
OLKR01000299.1_243399,BIO01,0.444189663,0.793479019
OLKR01000299.1_407841,BIO01,0.378205232,0.430112465
OLKR01000359.1_390163,BIO01,0.45280609,0.616271303