snp	predictor	correlation	FST	accession	position	pm1n_sequence	relation	distance_bp	transcript_id	protein_id	strand	gene_quality	overlap_feature	locus_class	arabidopsis_accession	arabidopsis_gene	homology_confidence	percent_identity	query_coverage_percent	blast_evalue	arabidopsis_description	GO_biological_process	GO_molecular_function	functional_category
LT985733.1_33107931	CLYPPT	0.654797045	0.877752893	LT985733.1	33107931	Qrob_Chr01	nearest	2523	Qrob_T0280310.2	Qrob_P0280310.2	-	validated		proximal_5kb			no_reviewed_Arabidopsis_hit							
LT985734.1_104222954	PREC04	0.378020737	0.440874504	LT985734.1	104222954	Qrob_Chr02	nearest	7698	Qrob_T0071170.2	Qrob_P0071170.2	-	validated		proximal_10kb			no_reviewed_Arabidopsis_hit							
LT985734.1_107975537	CLYPPT	0.71430842	0.925503137	LT985734.1	107975537	Qrob_Chr02	overlap	0	Qrob_T0366620.2	Qrob_P0366620.2	+	validated	intron_or_mRNA	intronic_or_transcribed	Q94C95	ATG1A	strong	54.673	97	0.0	Serine/threonine-protein kinase ATG1a	autophagosome assembly [GO:0000045]; autophagy [GO:0006914]; regulation of autophagy [GO:0010506]	ATP binding [GO:0005524]; protein serine/threonine kinase activity [GO:0004674]	transcription/signaling; autophagy
LT985734.1_14414866	WIND10	0.481311997	0.449829248	LT985734.1	14414866	Qrob_Chr02	nearest	9959	Qrob_T0764110.2	Qrob_P0764110.2	-	validated		proximal_10kb	P92514	COX3	strong	96.212	72	0.0	Cytochrome c oxidase subunit 3	mitochondrial electron transport, cytochrome c to oxygen [GO:0006123]	cytochrome-c oxidase activity [GO:0004129]	photosynthesis/respiration
LT985734.1_14476614	BIO01	0.398089355	0.677772287	LT985734.1	14476614	Qrob_Chr02	nearest	2917	Qrob_T0028290.2	Qrob_P0028290.2	-	validated		proximal_5kb	P92558	ND1	limited	87.179	28	9.66e-40	NADH-ubiquinone oxidoreductase chain 1	aerobic respiration [GO:0009060]	NADH dehydrogenase (ubiquinone) activity [GO:0008137]	photosynthesis/respiration
LT985734.1_36797055	BIO01	0.425248889	0.507794754	LT985734.1	36797055	Qrob_Chr02	overlap	0	Qrob_T0422720.2	Qrob_P0422720.2	-	validated	CDS	coding	Q9C7T7	CEPR2	strong	58.473	97	0.0	Receptor protein-tyrosine kinase CEPR2	nitrate import [GO:1902025]; regulation of root development [GO:2000280]; regulation of shoot system development [GO:0048831]; response to mannitol [GO:0010555]; response to nitrate starvation [GO:0090548]; response to osmotic stress [GO:0006970]	ATP binding [GO:0005524]; peptide binding [GO:0042277]; peptide hormone binding [GO:0017046]; peptide receptor activity [GO:0001653]; transmembrane receptor protein tyrosine kinase activity [GO:0004714]	abiotic stress response; membrane transport; hormone/development; transcription/signaling
LT985734.1_41053669	BIO01	0.471131862	0.603184402	LT985734.1	41053669	Qrob_Chr02	nearest	10837	Qrob_T0375060.2	Qrob_P0375060.2	+	validated		nearest_distant	Q9T096	At4g27745	strong	78.302	80	4.34e-64	Protein yippee-like At4g27745			
LT985734.1_41053681	BIO01	0.440097167	0.564905201	LT985734.1	41053681	Qrob_Chr02	nearest	10849	Qrob_T0375060.2	Qrob_P0375060.2	+	validated		nearest_distant	Q9T096	At4g27745	strong	78.302	80	4.34e-64	Protein yippee-like At4g27745			
LT985734.1_50928125	CLYPPT	0.723093695	0.950821484	LT985734.1	50928125	Qrob_Chr02	nearest	22657	Qrob_T0528630.2	Qrob_P0528630.2	-	validated		nearest_distant			no_reviewed_Arabidopsis_hit							
LT985734.1_74235072	BIO01	0.50535002	0.681919362	LT985734.1	74235072	Qrob_Chr02	overlap	0	Qrob_T0516380.2	Qrob_P0516380.2	+	manual_v1	CDS	coding	Q9FKM7	IAA33	strong	61.878	96	1.53e-54	Auxin-responsive protein IAA33	response to auxin [GO:0009733]	DNA-binding transcription factor activity [GO:0003700]	hormone/development
LT985734.1_99960525	BIO01	0.426751698	0.504574876	LT985734.1	99960525	Qrob_Chr02	overlap	0	Qrob_T0740590.2	Qrob_P0740590.2	-	validated	CDS	coding	Q0WPT7	At2g41040	strong	66.193	99	3.97e-164	Uncharacterized methyltransferase At2g41040, chloroplastic		S-adenosylmethionine-dependent methyltransferase activity [GO:0008757]	
LT985736.1_20849019	CLYPPT	0.568115959	0.735476102	LT985736.1	20849019	Qrob_Chr04	overlap	0	Qrob_T0492430.2	Qrob_P0492430.2	-	validated	CDS	coding	Q7PC87	ABCG34	strong	68.712	99	0.0	ABC transporter G family member 34		ABC-type transporter activity [GO:0140359]; ATP binding [GO:0005524]; ATP hydrolysis activity [GO:0016887]	membrane transport
LT985736.1_37306668	BIO01	0.403954486	0.413672995	LT985736.1	37306668	Qrob_Chr04	overlap	0	Qrob_T0210020.2	Qrob_P0210020.2	-	validated	CDS	coding	Q7PC84	ABCG39	strong	69.919	99	0.0	ABC transporter G family member 39	response to reactive oxygen species [GO:0000302]; xenobiotic transport [GO:0042908]	ABC-type transporter activity [GO:0140359]; ATP binding [GO:0005524]; ATP hydrolysis activity [GO:0016887]	membrane transport
LT985737.1_23895604	BIO01	0.355594805	0.534736149	LT985737.1	23895604	Qrob_Chr05	nearest	29841	Qrob_T0523430.2	Qrob_P0523430.2	+	validated		nearest_distant	Q9LYE3	ASI1	limited	43.210	38	1.80e-31	Protein ANTI-SILENCING 1	epigenetic regulation of gene expression [GO:0040029]; gene silencing by siRNA-directed DNA methylation [GO:0080188]; heterochromatin formation [GO:0031507]; transposable element silencing by heterochromatin formation [GO:0141005]	chromatin binding [GO:0003682]; RNA binding [GO:0003723]	
LT985739.1_33388160	CLYPPT	0.512146674	0.724743085	LT985739.1	33388160	Qrob_Chr07	overlap	0	Qrob_T0511130.2	Qrob_P0511130.2	+	validated	CDS	coding			no_reviewed_Arabidopsis_hit							
LT985741.1_23185263	BIO01	0.548570253	0.696764057	LT985741.1	23185263	Qrob_Chr09	overlap	0	Qrob_T0027720.2	Qrob_P0027720.2	+	validated	intron_or_mRNA	intronic_or_transcribed	Q9SRT2	BHLH62	moderate	39.330	99	8.81e-95	Transcription factor bHLH62	regulation of DNA-templated transcription [GO:0006355]	DNA-binding transcription factor activity [GO:0003700]; protein dimerization activity [GO:0046983]; transcription cis-regulatory region binding [GO:0000976]	transcription/signaling
LT985742.1_12649681	BIO01	0.454122879	0.603641941	LT985742.1	12649681	Qrob_Chr10	overlap	0	Qrob_T0369940.2	Qrob_P0369940.2	-	validated	CDS	coding			no_reviewed_Arabidopsis_hit							
LT985742.1_21328256	BIO01	0.308045202	0.432936969	LT985742.1	21328256	Qrob_Chr10	overlap	0	Qrob_T0133790.2	Qrob_P0133790.2	+	validated	intron_or_mRNA	intronic_or_transcribed	Q8GWW7	AIH	strong	71.848	95	0.0	Agmatine deiminase	polyamine biosynthetic process [GO:0006596]; putrescine biosynthetic process [GO:0009446]	agmatine deiminase activity [GO:0047632]; protein-arginine deiminase activity [GO:0004668]	
LT985742.1_21328282	BIO01	0.315617872	0.432818049	LT985742.1	21328282	Qrob_Chr10	overlap	0	Qrob_T0133790.2	Qrob_P0133790.2	+	validated	intron_or_mRNA	intronic_or_transcribed	Q8GWW7	AIH	strong	71.848	95	0.0	Agmatine deiminase	polyamine biosynthetic process [GO:0006596]; putrescine biosynthetic process [GO:0009446]	agmatine deiminase activity [GO:0047632]; protein-arginine deiminase activity [GO:0004668]	
LT985742.1_21328300	BIO01	0.296142489	0.415756817	LT985742.1	21328300	Qrob_Chr10	overlap	0	Qrob_T0133790.2	Qrob_P0133790.2	+	validated	intron_or_mRNA	intronic_or_transcribed	Q8GWW7	AIH	strong	71.848	95	0.0	Agmatine deiminase	polyamine biosynthetic process [GO:0006596]; putrescine biosynthetic process [GO:0009446]	agmatine deiminase activity [GO:0047632]; protein-arginine deiminase activity [GO:0004668]	
LT985743.1_48856554	BIO01	0.437511524	0.561153383	LT985743.1	48856554	Qrob_Chr11	overlap	0	Qrob_T0492320.2	Qrob_P0492320.2	-	validated	CDS	coding	Q7PC87	ABCG34	strong	67.550	99	0.0	ABC transporter G family member 34		ABC-type transporter activity [GO:0140359]; ATP binding [GO:0005524]; ATP hydrolysis activity [GO:0016887]	membrane transport
LT985743.1_48856621	BIO01	0.425324216	0.5182638	LT985743.1	48856621	Qrob_Chr11	overlap	0	Qrob_T0492320.2	Qrob_P0492320.2	-	validated	CDS	coding	Q7PC87	ABCG34	strong	67.550	99	0.0	ABC transporter G family member 34		ABC-type transporter activity [GO:0140359]; ATP binding [GO:0005524]; ATP hydrolysis activity [GO:0016887]	membrane transport
LT985743.1_48856669	BIO01	0.398830337	0.491750607	LT985743.1	48856669	Qrob_Chr11	overlap	0	Qrob_T0492320.2	Qrob_P0492320.2	-	validated	CDS	coding	Q7PC87	ABCG34	strong	67.550	99	0.0	ABC transporter G family member 34		ABC-type transporter activity [GO:0140359]; ATP binding [GO:0005524]; ATP hydrolysis activity [GO:0016887]	membrane transport
LT985743.1_48856696	BIO01	0.396167735	0.431264457	LT985743.1	48856696	Qrob_Chr11	overlap	0	Qrob_T0492320.2	Qrob_P0492320.2	-	validated	CDS	coding	Q7PC87	ABCG34	strong	67.550	99	0.0	ABC transporter G family member 34		ABC-type transporter activity [GO:0140359]; ATP binding [GO:0005524]; ATP hydrolysis activity [GO:0016887]	membrane transport
LT985743.1_48856755	BIO01	0.403930015	0.447611172	LT985743.1	48856755	Qrob_Chr11	overlap	0	Qrob_T0492320.2	Qrob_P0492320.2	-	validated	CDS	coding	Q7PC87	ABCG34	strong	67.550	99	0.0	ABC transporter G family member 34		ABC-type transporter activity [GO:0140359]; ATP binding [GO:0005524]; ATP hydrolysis activity [GO:0016887]	membrane transport
LT985743.1_51549936	SNDPPT	0.474679515	0.700309822	LT985743.1	51549936	Qrob_Chr11	overlap	0	Qrob_T0099750.2	Qrob_P0099750.2	+	validated	CDS	coding	F4JSZ5	BIG1	strong	51.591	95	2.74e-141	Brefeldin A-inhibited guanine nucleotide-exchange protein 1	regulation of ARF protein signal transduction [GO:0032012]	guanyl-nucleotide exchange factor activity [GO:0005085]	
LT985743.1_69641	CLYPPT	0.358734265	0.583938031	LT985743.1	69641	Qrob_Chr11	overlap	0	Qrob_T0344330.2	Qrob_P0344330.2	-	validated	CDS	coding	Q9SZ66	DSC1	limited	34.783	34	1.82e-116	Disease resistance-like protein DSC1	defense response to bacterium [GO:0042742]; signal transduction [GO:0007165]	ADP binding [GO:0043531]; NAD+ nucleosidase activity, cyclic ADP-ribose generating [GO:0061809]	defense response
LT985743.1_69644	CLYPPT	0.329373462	0.486590231	LT985743.1	69644	Qrob_Chr11	overlap	0	Qrob_T0344330.2	Qrob_P0344330.2	-	validated	CDS	coding	Q9SZ66	DSC1	limited	34.783	34	1.82e-116	Disease resistance-like protein DSC1	defense response to bacterium [GO:0042742]; signal transduction [GO:0007165]	ADP binding [GO:0043531]; NAD+ nucleosidase activity, cyclic ADP-ribose generating [GO:0061809]	defense response
LT985743.1_69651	CLYPPT	0.451212393	0.746432255	LT985743.1	69651	Qrob_Chr11	overlap	0	Qrob_T0344330.2	Qrob_P0344330.2	-	validated	CDS	coding	Q9SZ66	DSC1	limited	34.783	34	1.82e-116	Disease resistance-like protein DSC1	defense response to bacterium [GO:0042742]; signal transduction [GO:0007165]	ADP binding [GO:0043531]; NAD+ nucleosidase activity, cyclic ADP-ribose generating [GO:0061809]	defense response
LT985743.1_69655	CLYPPT	0.330976548	0.498470137	LT985743.1	69655	Qrob_Chr11	overlap	0	Qrob_T0344330.2	Qrob_P0344330.2	-	validated	CDS	coding	Q9SZ66	DSC1	limited	34.783	34	1.82e-116	Disease resistance-like protein DSC1	defense response to bacterium [GO:0042742]; signal transduction [GO:0007165]	ADP binding [GO:0043531]; NAD+ nucleosidase activity, cyclic ADP-ribose generating [GO:0061809]	defense response
LT985743.1_69677	CLYPPT	0.392363726	0.586132273	LT985743.1	69677	Qrob_Chr11	overlap	0	Qrob_T0344330.2	Qrob_P0344330.2	-	validated	CDS	coding	Q9SZ66	DSC1	limited	34.783	34	1.82e-116	Disease resistance-like protein DSC1	defense response to bacterium [GO:0042742]; signal transduction [GO:0007165]	ADP binding [GO:0043531]; NAD+ nucleosidase activity, cyclic ADP-ribose generating [GO:0061809]	defense response
LT985743.1_69681	CLYPPT	0.414592574	0.62013222	LT985743.1	69681	Qrob_Chr11	overlap	0	Qrob_T0344330.2	Qrob_P0344330.2	-	validated	CDS	coding	Q9SZ66	DSC1	limited	34.783	34	1.82e-116	Disease resistance-like protein DSC1	defense response to bacterium [GO:0042742]; signal transduction [GO:0007165]	ADP binding [GO:0043531]; NAD+ nucleosidase activity, cyclic ADP-ribose generating [GO:0061809]	defense response
LT985744.1_16866300	PREC04	0.437414373	0.483777871	LT985744.1	16866300	Qrob_Chr12	nearest	37087	Qrob_T0107380.2	Qrob_P0107380.2	-	validated		nearest_distant	Q8RXT4	NEK4	strong	77.778	98	2.64e-135	Serine/threonine-protein kinase Nek4		ATP binding [GO:0005524]; protein serine kinase activity [GO:0106310]; protein serine/threonine kinase activity [GO:0004674]	transcription/signaling
LT985744.1_16866333	CLYPPT	0.46445031	0.64949681	LT985744.1	16866333	Qrob_Chr12	nearest	37120	Qrob_T0107380.2	Qrob_P0107380.2	-	validated		nearest_distant	Q8RXT4	NEK4	strong	77.778	98	2.64e-135	Serine/threonine-protein kinase Nek4		ATP binding [GO:0005524]; protein serine kinase activity [GO:0106310]; protein serine/threonine kinase activity [GO:0004674]	transcription/signaling
LT985744.1_17088802	BIO01	0.444033782	0.490029676	LT985744.1	17088802	Qrob_Chr12	overlap	0	Qrob_T0462350.2	Qrob_P0462350.2	-	validated	CDS	coding	F4HZB5	NET1D	strong	48.331	98	0.0	Protein NETWORKED 1D		actin binding [GO:0003779]	
LT985744.1_17089084	CLYPPT	0.666969337	0.907129543	LT985744.1	17089084	Qrob_Chr12	overlap	0	Qrob_T0462350.2	Qrob_P0462350.2	-	validated	CDS	coding	F4HZB5	NET1D	strong	48.331	98	0.0	Protein NETWORKED 1D		actin binding [GO:0003779]	
LT985744.1_17089112	BIO01	0.444033782	0.490029676	LT985744.1	17089112	Qrob_Chr12	overlap	0	Qrob_T0462350.2	Qrob_P0462350.2	-	validated	CDS	coding	F4HZB5	NET1D	strong	48.331	98	0.0	Protein NETWORKED 1D		actin binding [GO:0003779]	
OLKR01000065.1_674811	CLYPPT	0.368614129	0.446143259	OLKR01000065.1	674811	Qrob_H2.3_Sc0000064	nearest	55855	Qrob_T0711840.2	Qrob_P0711840.2	-	validated		nearest_distant	Q9SYL8	At1g78640	moderate	37.500	70	3.44e-17	Putative B3 domain-containing protein At1g78640		DNA binding [GO:0003677]	
OLKR01000299.1_243399	BIO01	0.444189663	0.793479019	OLKR01000299.1	243399	Qrob_H2.3_Sc0000298	overlap	0	Qrob_T0550610.2	Qrob_P0550610.2	-	validated	CDS	coding	P56778	psbC	strong	98.202	75	0.0	Photosystem II CP43 reaction center protein	photosynthetic electron transport in photosystem II [GO:0009772]	chlorophyll binding [GO:0016168]; mRNA binding [GO:0003729]	photosynthesis/respiration
OLKR01000299.1_407841	BIO01	0.378205232	0.430112465	OLKR01000299.1	407841	Qrob_H2.3_Sc0000298	nearest	508	Qrob_T0470360.2	Qrob_P0470360.2	+	manual_v1		proximal_5kb	P06525	ADH1	strong	85.714	99	0.0	Alcohol dehydrogenase class-P	cellular response to hypoxia [GO:0071456]; formaldehyde catabolic process [GO:0046294]; positive regulation of cellular response to hypoxia [GO:1900039]; response to abscisic acid [GO:0009737]; response to caffeine [GO:0031000]; response to cold [GO:0009409]; response to estradiol [GO:0032355]; response to flooding [GO:0009413]; response to hydrogen peroxide [GO:0042542]; response to hypoxia [GO:0001666]; response to osmotic stress [GO:0006970]; response to salt stress [GO:0009651]; response to sucrose [GO:0009744]; response to water deprivation [GO:0009414]	alcohol dehydrogenase (NAD+) activity [GO:0004022]; ethanol dehydrogenase (NAD+) activity [GO:0120542]; protein homodimerization activity [GO:0042803]; zinc ion binding [GO:0008270]	abiotic stress response; hormone/development
OLKR01000359.1_390163	BIO01	0.45280609	0.616271303	OLKR01000359.1	390163	Qrob_H2.3_Sc0000358	overlap	0	Qrob_T0412190.2	Qrob_P0412190.2	-	manual_v1	CDS	coding	Q9SJX8	MYB14	moderate	65.546	45	2.88e-51	Transcription factor MYB14	positive regulation of DNA-templated transcription [GO:0045893]; response to cold [GO:0009409]; response to freezing [GO:0050826]	DNA-binding transcription factor activity [GO:0003700]; transcription cis-regulatory region binding [GO:0000976]	abiotic stress response; transcription/signaling
