snp	predictor	correlation	FST	accession	position	pm1n_sequence	relation	distance_bp	transcript_id	protein_id	strand	gene_quality	overlap_feature
LT985733.1_33107931	CLYPPT	0.654797045	0.877752893	LT985733.1	33107931	Qrob_Chr01	nearest	2523	Qrob_T0280310.2	Qrob_P0280310.2	-	validated	
LT985734.1_104222954	PREC04	0.378020737	0.440874504	LT985734.1	104222954	Qrob_Chr02	nearest	7698	Qrob_T0071170.2	Qrob_P0071170.2	-	validated	
LT985734.1_107975537	CLYPPT	0.71430842	0.925503137	LT985734.1	107975537	Qrob_Chr02	overlap	0	Qrob_T0366620.2	Qrob_P0366620.2	+	validated	intron_or_mRNA
LT985734.1_14414866	WIND10	0.481311997	0.449829248	LT985734.1	14414866	Qrob_Chr02	nearest	9959	Qrob_T0764110.2	Qrob_P0764110.2	-	validated	
LT985734.1_14476614	BIO01	0.398089355	0.677772287	LT985734.1	14476614	Qrob_Chr02	nearest	2917	Qrob_T0028290.2	Qrob_P0028290.2	-	validated	
LT985734.1_36797055	BIO01	0.425248889	0.507794754	LT985734.1	36797055	Qrob_Chr02	overlap	0	Qrob_T0422720.2	Qrob_P0422720.2	-	validated	CDS
LT985734.1_41053669	BIO01	0.471131862	0.603184402	LT985734.1	41053669	Qrob_Chr02	nearest	10837	Qrob_T0375060.2	Qrob_P0375060.2	+	validated	
LT985734.1_41053681	BIO01	0.440097167	0.564905201	LT985734.1	41053681	Qrob_Chr02	nearest	10849	Qrob_T0375060.2	Qrob_P0375060.2	+	validated	
LT985734.1_50928125	CLYPPT	0.723093695	0.950821484	LT985734.1	50928125	Qrob_Chr02	nearest	22657	Qrob_T0528630.2	Qrob_P0528630.2	-	validated	
LT985734.1_74235072	BIO01	0.50535002	0.681919362	LT985734.1	74235072	Qrob_Chr02	overlap	0	Qrob_T0516380.2	Qrob_P0516380.2	+	manual_v1	CDS
LT985734.1_99960525	BIO01	0.426751698	0.504574876	LT985734.1	99960525	Qrob_Chr02	overlap	0	Qrob_T0740590.2	Qrob_P0740590.2	-	validated	CDS
LT985736.1_20849019	CLYPPT	0.568115959	0.735476102	LT985736.1	20849019	Qrob_Chr04	overlap	0	Qrob_T0492430.2	Qrob_P0492430.2	-	validated	CDS
LT985736.1_37306668	BIO01	0.403954486	0.413672995	LT985736.1	37306668	Qrob_Chr04	overlap	0	Qrob_T0210020.2	Qrob_P0210020.2	-	validated	CDS
LT985737.1_23895604	BIO01	0.355594805	0.534736149	LT985737.1	23895604	Qrob_Chr05	nearest	29841	Qrob_T0523430.2	Qrob_P0523430.2	+	validated	
LT985739.1_33388160	CLYPPT	0.512146674	0.724743085	LT985739.1	33388160	Qrob_Chr07	overlap	0	Qrob_T0511130.2	Qrob_P0511130.2	+	validated	CDS
LT985741.1_23185263	BIO01	0.548570253	0.696764057	LT985741.1	23185263	Qrob_Chr09	overlap	0	Qrob_T0027720.2	Qrob_P0027720.2	+	validated	intron_or_mRNA
LT985742.1_12649681	BIO01	0.454122879	0.603641941	LT985742.1	12649681	Qrob_Chr10	overlap	0	Qrob_T0369940.2	Qrob_P0369940.2	-	validated	CDS
LT985742.1_21328256	BIO01	0.308045202	0.432936969	LT985742.1	21328256	Qrob_Chr10	overlap	0	Qrob_T0133790.2	Qrob_P0133790.2	+	validated	intron_or_mRNA
LT985742.1_21328282	BIO01	0.315617872	0.432818049	LT985742.1	21328282	Qrob_Chr10	overlap	0	Qrob_T0133790.2	Qrob_P0133790.2	+	validated	intron_or_mRNA
LT985742.1_21328300	BIO01	0.296142489	0.415756817	LT985742.1	21328300	Qrob_Chr10	overlap	0	Qrob_T0133790.2	Qrob_P0133790.2	+	validated	intron_or_mRNA
LT985743.1_48856554	BIO01	0.437511524	0.561153383	LT985743.1	48856554	Qrob_Chr11	overlap	0	Qrob_T0492320.2	Qrob_P0492320.2	-	validated	CDS
LT985743.1_48856621	BIO01	0.425324216	0.5182638	LT985743.1	48856621	Qrob_Chr11	overlap	0	Qrob_T0492320.2	Qrob_P0492320.2	-	validated	CDS
LT985743.1_48856669	BIO01	0.398830337	0.491750607	LT985743.1	48856669	Qrob_Chr11	overlap	0	Qrob_T0492320.2	Qrob_P0492320.2	-	validated	CDS
LT985743.1_48856696	BIO01	0.396167735	0.431264457	LT985743.1	48856696	Qrob_Chr11	overlap	0	Qrob_T0492320.2	Qrob_P0492320.2	-	validated	CDS
LT985743.1_48856755	BIO01	0.403930015	0.447611172	LT985743.1	48856755	Qrob_Chr11	overlap	0	Qrob_T0492320.2	Qrob_P0492320.2	-	validated	CDS
LT985743.1_51549936	SNDPPT	0.474679515	0.700309822	LT985743.1	51549936	Qrob_Chr11	overlap	0	Qrob_T0099750.2	Qrob_P0099750.2	+	validated	CDS
LT985743.1_69641	CLYPPT	0.358734265	0.583938031	LT985743.1	69641	Qrob_Chr11	overlap	0	Qrob_T0344330.2	Qrob_P0344330.2	-	validated	CDS
LT985743.1_69644	CLYPPT	0.329373462	0.486590231	LT985743.1	69644	Qrob_Chr11	overlap	0	Qrob_T0344330.2	Qrob_P0344330.2	-	validated	CDS
LT985743.1_69651	CLYPPT	0.451212393	0.746432255	LT985743.1	69651	Qrob_Chr11	overlap	0	Qrob_T0344330.2	Qrob_P0344330.2	-	validated	CDS
LT985743.1_69655	CLYPPT	0.330976548	0.498470137	LT985743.1	69655	Qrob_Chr11	overlap	0	Qrob_T0344330.2	Qrob_P0344330.2	-	validated	CDS
LT985743.1_69677	CLYPPT	0.392363726	0.586132273	LT985743.1	69677	Qrob_Chr11	overlap	0	Qrob_T0344330.2	Qrob_P0344330.2	-	validated	CDS
LT985743.1_69681	CLYPPT	0.414592574	0.62013222	LT985743.1	69681	Qrob_Chr11	overlap	0	Qrob_T0344330.2	Qrob_P0344330.2	-	validated	CDS
LT985744.1_16866300	PREC04	0.437414373	0.483777871	LT985744.1	16866300	Qrob_Chr12	nearest	37087	Qrob_T0107380.2	Qrob_P0107380.2	-	validated	
LT985744.1_16866333	CLYPPT	0.46445031	0.64949681	LT985744.1	16866333	Qrob_Chr12	nearest	37120	Qrob_T0107380.2	Qrob_P0107380.2	-	validated	
LT985744.1_17088802	BIO01	0.444033782	0.490029676	LT985744.1	17088802	Qrob_Chr12	overlap	0	Qrob_T0462350.2	Qrob_P0462350.2	-	validated	CDS
LT985744.1_17089084	CLYPPT	0.666969337	0.907129543	LT985744.1	17089084	Qrob_Chr12	overlap	0	Qrob_T0462350.2	Qrob_P0462350.2	-	validated	CDS
LT985744.1_17089112	BIO01	0.444033782	0.490029676	LT985744.1	17089112	Qrob_Chr12	overlap	0	Qrob_T0462350.2	Qrob_P0462350.2	-	validated	CDS
OLKR01000065.1_674811	CLYPPT	0.368614129	0.446143259	OLKR01000065.1	674811	Qrob_H2.3_Sc0000064	nearest	55855	Qrob_T0711840.2	Qrob_P0711840.2	-	validated	
OLKR01000299.1_243399	BIO01	0.444189663	0.793479019	OLKR01000299.1	243399	Qrob_H2.3_Sc0000298	overlap	0	Qrob_T0550610.2	Qrob_P0550610.2	-	validated	CDS
OLKR01000299.1_407841	BIO01	0.378205232	0.430112465	OLKR01000299.1	407841	Qrob_H2.3_Sc0000298	nearest	508	Qrob_T0470360.2	Qrob_P0470360.2	+	manual_v1	
OLKR01000359.1_390163	BIO01	0.45280609	0.616271303	OLKR01000359.1	390163	Qrob_H2.3_Sc0000358	overlap	0	Qrob_T0412190.2	Qrob_P0412190.2	-	manual_v1	CDS
