pm1n_sequence	position	accession	ref	alt
Qrob_H2.3_Sc0000026	1492560	OLKR01000027.1	T	A
Qrob_H2.3_Sc0000026	1492594	OLKR01000027.1	C	T
Qrob_H2.3_Sc0000026	1492658	OLKR01000027.1	T	C
Qrob_H2.3_Sc0000026	1492881	OLKR01000027.1	A	G
Qrob_H2.3_Sc0000026	1906035	OLKR01000027.1	A	T
Qrob_H2.3_Sc0000026	1906076	OLKR01000027.1	T	C
Qrob_H2.3_Sc0000026	1906084	OLKR01000027.1	G	A
Qrob_H2.3_Sc0000026	1906158	OLKR01000027.1	A	T
Qrob_H2.3_Sc0000026	1906273	OLKR01000027.1	G	A
Qrob_H2.3_Sc0000026	1906291	OLKR01000027.1	T	C
Qrob_H2.3_Sc0000026	2666136	OLKR01000027.1	A	G
Qrob_H2.3_Sc0000030	126026	OLKR01000031.1	T	C
Qrob_H2.3_Sc0000030	126030	OLKR01000031.1	C	T
Qrob_H2.3_Sc0000030	126037	OLKR01000031.1	T	C
Qrob_H2.3_Sc0000030	126115	OLKR01000031.1	A	G
Qrob_H2.3_Sc0000030	126122	OLKR01000031.1	A	G
Qrob_H2.3_Sc0000030	126136	OLKR01000031.1	T	C
Qrob_H2.3_Sc0000030	1143081	OLKR01000031.1	A	C
Qrob_H2.3_Sc0000030	1143120	OLKR01000031.1	T	G
Qrob_H2.3_Sc0000030	1793603	OLKR01000031.1	C	G
Qrob_H2.3_Sc0000030	1793618	OLKR01000031.1	A	T
Qrob_H2.3_Sc0000044	2068505	OLKR01000045.1	T	C
Qrob_H2.3_Sc0000044	2068530	OLKR01000045.1	C	A
Qrob_H2.3_Sc0000044	2068549	OLKR01000045.1	T	C
Qrob_H2.3_Sc0000044	2068557	OLKR01000045.1	G	T
Qrob_H2.3_Sc0000044	2068658	OLKR01000045.1	C	T
Qrob_H2.3_Sc0000044	2371834	OLKR01000045.1	G	T
Qrob_H2.3_Sc0000044	2371860	OLKR01000045.1	T	A
Qrob_H2.3_Sc0000044	2371904	OLKR01000045.1	A	G
Qrob_H2.3_Sc0000044	2371984	OLKR01000045.1	T	C
Qrob_H2.3_Sc0000064	674759	OLKR01000065.1	A	G
Qrob_H2.3_Sc0000064	674811	OLKR01000065.1	A	G
Qrob_H2.3_Sc0000064	674835	OLKR01000065.1	C	T
Qrob_H2.3_Sc0000064	674844	OLKR01000065.1	C	T
Qrob_H2.3_Sc0000064	674957	OLKR01000065.1	G	T
Qrob_H2.3_Sc0000064	674990	OLKR01000065.1	T	C
Qrob_H2.3_Sc0000124	855972	OLKR01000125.1	T	G
Qrob_H2.3_Sc0000161	1103507	OLKR01000162.1	T	C
Qrob_H2.3_Sc0000161	1103619	OLKR01000162.1	G	A
Qrob_H2.3_Sc0000164	514223	OLKR01000165.1	G	C
Qrob_H2.3_Sc0000164	514265	OLKR01000165.1	G	A
Qrob_H2.3_Sc0000164	514464	OLKR01000165.1	G	A
Qrob_H2.3_Sc0000221	997739	OLKR01000222.1	A	G
Qrob_H2.3_Sc0000221	997788	OLKR01000222.1	G	C
Qrob_H2.3_Sc0000221	997801	OLKR01000222.1	G	T
Qrob_H2.3_Sc0000221	997848	OLKR01000222.1	T	A
Qrob_H2.3_Sc0000221	997927	OLKR01000222.1	G	A
Qrob_H2.3_Sc0000221	997931	OLKR01000222.1	C	A
Qrob_H2.3_Sc0000221	997933	OLKR01000222.1	T	C
Qrob_H2.3_Sc0000221	997976	OLKR01000222.1	A	T
Qrob_H2.3_Sc0000221	998000	OLKR01000222.1	G	A
Qrob_H2.3_Sc0000221	1032176	OLKR01000222.1	T	G
Qrob_H2.3_Sc0000221	1032178	OLKR01000222.1	C	G
Qrob_H2.3_Sc0000221	1032226	OLKR01000222.1	A	G
Qrob_H2.3_Sc0000221	1032257	OLKR01000222.1	C	T
Qrob_H2.3_Sc0000221	1032263	OLKR01000222.1	A	G
Qrob_H2.3_Sc0000221	1032301	OLKR01000222.1	T	C
Qrob_H2.3_Sc0000221	1032457	OLKR01000222.1	C	T
Qrob_H2.3_Sc0000234	1005426	OLKR01000235.1	A	G
Qrob_H2.3_Sc0000234	1005428	OLKR01000235.1	T	C
Qrob_H2.3_Sc0000234	1005450	OLKR01000235.1	A	T
Qrob_H2.3_Sc0000234	1005451	OLKR01000235.1	T	A
Qrob_H2.3_Sc0000234	1005471	OLKR01000235.1	A	G
Qrob_H2.3_Sc0000234	1005487	OLKR01000235.1	A	G
Qrob_H2.3_Sc0000234	1005492	OLKR01000235.1	T	C
Qrob_H2.3_Sc0000234	1005591	OLKR01000235.1	C	T
Qrob_H2.3_Sc0000234	1005615	OLKR01000235.1	A	G
Qrob_H2.3_Sc0000234	1005646	OLKR01000235.1	A	G
Qrob_H2.3_Sc0000234	1005664	OLKR01000235.1	T	A
Qrob_H2.3_Sc0000234	1005675	OLKR01000235.1	C	T
Qrob_H2.3_Sc0000234	1005676	OLKR01000235.1	A	G
Qrob_H2.3_Sc0000234	1005726	OLKR01000235.1	T	C
Qrob_H2.3_Sc0000234	1005753	OLKR01000235.1	A	C
Qrob_H2.3_Sc0000234	1005818	OLKR01000235.1	T	G
Qrob_H2.3_Sc0000234	1005848	OLKR01000235.1	C	T
Qrob_H2.3_Sc0000234	1005867	OLKR01000235.1	G	A
Qrob_H2.3_Sc0000234	1005868	OLKR01000235.1	C	T
Qrob_H2.3_Sc0000234	1005882	OLKR01000235.1	A	G
Qrob_H2.3_Sc0000298	208535	OLKR01000299.1	A	G
Qrob_H2.3_Sc0000298	208537	OLKR01000299.1	C	T
Qrob_H2.3_Sc0000298	208571	OLKR01000299.1	A	C
Qrob_H2.3_Sc0000298	208622	OLKR01000299.1	G	A
Qrob_H2.3_Sc0000298	236568	OLKR01000299.1	T	G
Qrob_H2.3_Sc0000298	238575	OLKR01000299.1	A	C
Qrob_H2.3_Sc0000298	239206	OLKR01000299.1	T	G
Qrob_H2.3_Sc0000298	243399	OLKR01000299.1	A	C
Qrob_H2.3_Sc0000298	243512	OLKR01000299.1	A	C
Qrob_H2.3_Sc0000298	258317	OLKR01000299.1	A	G
Qrob_H2.3_Sc0000298	260475	OLKR01000299.1	T	C
Qrob_H2.3_Sc0000298	262663	OLKR01000299.1	A	C
Qrob_H2.3_Sc0000298	262992	OLKR01000299.1	G	T
Qrob_H2.3_Sc0000298	263106	OLKR01000299.1	T	G
Qrob_H2.3_Sc0000298	263147	OLKR01000299.1	T	G
Qrob_H2.3_Sc0000298	265700	OLKR01000299.1	A	G
Qrob_H2.3_Sc0000298	265715	OLKR01000299.1	C	G
Qrob_H2.3_Sc0000298	270420	OLKR01000299.1	A	C
Qrob_H2.3_Sc0000298	270615	OLKR01000299.1	T	C
Qrob_H2.3_Sc0000298	273500	OLKR01000299.1	C	A
Qrob_H2.3_Sc0000298	273602	OLKR01000299.1	T	C
Qrob_H2.3_Sc0000298	273703	OLKR01000299.1	G	C
Qrob_H2.3_Sc0000298	273905	OLKR01000299.1	A	C
Qrob_H2.3_Sc0000298	273924	OLKR01000299.1	T	C
Qrob_H2.3_Sc0000298	274006	OLKR01000299.1	T	A
Qrob_H2.3_Sc0000298	275572	OLKR01000299.1	C	G
Qrob_H2.3_Sc0000298	275738	OLKR01000299.1	A	T
Qrob_H2.3_Sc0000298	284831	OLKR01000299.1	T	G
Qrob_H2.3_Sc0000298	284910	OLKR01000299.1	C	G
Qrob_H2.3_Sc0000298	284937	OLKR01000299.1	A	G
Qrob_H2.3_Sc0000298	289036	OLKR01000299.1	T	C
Qrob_H2.3_Sc0000298	294664	OLKR01000299.1	A	C
Qrob_H2.3_Sc0000298	294856	OLKR01000299.1	T	G
Qrob_H2.3_Sc0000298	295662	OLKR01000299.1	C	G
Qrob_H2.3_Sc0000298	295789	OLKR01000299.1	A	T
Qrob_H2.3_Sc0000298	299654	OLKR01000299.1	T	G
Qrob_H2.3_Sc0000298	300784	OLKR01000299.1	C	G
Qrob_H2.3_Sc0000298	300859	OLKR01000299.1	G	C
Qrob_H2.3_Sc0000298	301232	OLKR01000299.1	A	C
Qrob_H2.3_Sc0000298	302039	OLKR01000299.1	A	G
Qrob_H2.3_Sc0000298	340656	OLKR01000299.1	T	C
Qrob_H2.3_Sc0000298	348312	OLKR01000299.1	A	C
Qrob_H2.3_Sc0000298	369479	OLKR01000299.1	T	G
Qrob_H2.3_Sc0000298	372490	OLKR01000299.1	T	G
Qrob_H2.3_Sc0000298	372712	OLKR01000299.1	T	C
Qrob_H2.3_Sc0000298	376613	OLKR01000299.1	A	G
Qrob_H2.3_Sc0000298	407655	OLKR01000299.1	A	G
Qrob_H2.3_Sc0000298	407768	OLKR01000299.1	C	G
Qrob_H2.3_Sc0000298	407782	OLKR01000299.1	A	G
Qrob_H2.3_Sc0000298	407841	OLKR01000299.1	C	T
Qrob_H2.3_Sc0000298	407847	OLKR01000299.1	A	G
Qrob_H2.3_Sc0000298	407889	OLKR01000299.1	A	G
Qrob_H2.3_Sc0000306	890156	OLKR01000307.1	G	A
Qrob_H2.3_Sc0000306	890253	OLKR01000307.1	T	C
Qrob_H2.3_Sc0000354	494667	OLKR01000355.1	C	T
Qrob_H2.3_Sc0000354	494678	OLKR01000355.1	A	C
Qrob_H2.3_Sc0000354	494697	OLKR01000355.1	C	T
Qrob_H2.3_Sc0000354	494750	OLKR01000355.1	T	C
Qrob_H2.3_Sc0000354	494781	OLKR01000355.1	G	T
Qrob_H2.3_Sc0000354	494789	OLKR01000355.1	G	A
Qrob_H2.3_Sc0000354	494818	OLKR01000355.1	G	A
Qrob_H2.3_Sc0000354	494837	OLKR01000355.1	A	G
Qrob_H2.3_Sc0000354	494970	OLKR01000355.1	G	A
Qrob_H2.3_Sc0000358	390163	OLKR01000359.1	A	G
Qrob_H2.3_Sc0000358	390164	OLKR01000359.1	G	A
Qrob_H2.3_Sc0000358	390216	OLKR01000359.1	G	C
Qrob_H2.3_Sc0000358	390225	OLKR01000359.1	A	G
Qrob_H2.3_Sc0000358	390258	OLKR01000359.1	T	A
Qrob_H2.3_Sc0000358	390300	OLKR01000359.1	C	G
Qrob_H2.3_Sc0000380	453507	OLKR01000381.1	C	T
Qrob_H2.3_Sc0000408	75600	OLKR01000409.1	A	G
Qrob_H2.3_Sc0000408	75690	OLKR01000409.1	C	T
Qrob_H2.3_Sc0000408	75703	OLKR01000409.1	T	C
Qrob_H2.3_Sc0000408	75750	OLKR01000409.1	C	A
Qrob_H2.3_Sc0000408	75768	OLKR01000409.1	C	T
Qrob_H2.3_Sc0000408	75811	OLKR01000409.1	T	C
Qrob_H2.3_Sc0000408	75818	OLKR01000409.1	G	A
Qrob_H2.3_Sc0000408	75849	OLKR01000409.1	C	T
Qrob_H2.3_Sc0000473	402064	OLKR01000474.1	T	C
Qrob_H2.3_Sc0000473	402097	OLKR01000474.1	A	G
Qrob_H2.3_Sc0000473	402114	OLKR01000474.1	T	A
Qrob_H2.3_Sc0000473	402117	OLKR01000474.1	T	C
Qrob_H2.3_Sc0000473	402129	OLKR01000474.1	T	A
Qrob_H2.3_Sc0000473	402130	OLKR01000474.1	T	A
Qrob_H2.3_Sc0000482	227050	OLKR01000483.1	G	T
Qrob_H2.3_Sc0000482	227070	OLKR01000483.1	A	G
Qrob_H2.3_Sc0000482	227083	OLKR01000483.1	G	C
Qrob_H2.3_Sc0000482	227090	OLKR01000483.1	C	T
Qrob_H2.3_Sc0000482	227096	OLKR01000483.1	G	C
Qrob_H2.3_Sc0000482	227103	OLKR01000483.1	G	A
Qrob_H2.3_Sc0000562	298996	OLKR01000563.1	T	A
Qrob_H2.3_Sc0000562	299100	OLKR01000563.1	G	A
Qrob_H2.3_Sc0000840	30563	OLKR01000841.1	T	C
Qrob_H2.3_Sc0000840	30653	OLKR01000841.1	T	C
Qrob_H2.3_Sc0000918	8804	OLKR01000919.1	C	G
Qrob_H2.3_Sc0000918	8992	OLKR01000919.1	G	A
Qrob_H2.3_Sc0000918	17336	OLKR01000919.1	G	A
Qrob_H2.3_Sc0000918	17341	OLKR01000919.1	A	G
Qrob_H2.3_Sc0000918	17346	OLKR01000919.1	C	T
Qrob_H2.3_Sc0000918	17551	OLKR01000919.1	A	G
Qrob_H2.3_Sc0000918	17730	OLKR01000919.1	A	T
Qrob_H2.3_Sc0000918	17861	OLKR01000919.1	G	T
Qrob_H2.3_Sc0000918	24416	OLKR01000919.1	A	G
Qrob_H2.3_Sc0000918	24438	OLKR01000919.1	G	A
Qrob_H2.3_Sc0000918	24736	OLKR01000919.1	A	G
Qrob_H2.3_Sc0000955	20059	OLKR01000956.1	A	C
Qrob_H2.3_Sc0000955	36573	OLKR01000956.1	T	C
Qrob_H2.3_Sc0000955	36587	OLKR01000956.1	T	C
Qrob_H2.3_Sc0000955	36638	OLKR01000956.1	A	G
Qrob_H2.3_Sc0000955	36668	OLKR01000956.1	G	T
Qrob_H2.3_Sc0000955	37320	OLKR01000956.1	T	G
Qrob_H2.3_Sc0000955	38271	OLKR01000956.1	T	C
Qrob_H2.3_Sc0000955	38361	OLKR01000956.1	A	C
Qrob_H2.3_Sc0000955	38579	OLKR01000956.1	A	G
Qrob_H2.3_Sc0000955	38607	OLKR01000956.1	T	G
Qrob_H2.3_Sc0000955	38674	OLKR01000956.1	T	C
Qrob_H2.3_Sc0000955	38688	OLKR01000956.1	T	C
Qrob_H2.3_Sc0000955	41507	OLKR01000956.1	T	A
Qrob_H2.3_Sc0000955	42228	OLKR01000956.1	C	G
Qrob_H2.3_Sc0000955	42276	OLKR01000956.1	A	T
Qrob_H2.3_Sc0000955	42340	OLKR01000956.1	G	C
Qrob_H2.3_Sc0000955	42752	OLKR01000956.1	C	G
Qrob_H2.3_Sc0000955	42921	OLKR01000956.1	A	G
Qrob_H2.3_Sc0000955	43032	OLKR01000956.1	T	G
Qrob_H2.3_Sc0000955	43063	OLKR01000956.1	C	G
Qrob_H2.3_Sc0000955	43723	OLKR01000956.1	C	A
Qrob_H2.3_Sc0000955	44150	OLKR01000956.1	A	G
Qrob_H2.3_Sc0000955	66612	OLKR01000956.1	C	G
Qrob_H2.3_Sc0000955	68018	OLKR01000956.1	A	C
Qrob_H2.3_Sc0000955	68208	OLKR01000956.1	T	G
Qrob_H2.3_Sc0000955	68667	OLKR01000956.1	C	T
Qrob_H2.3_Sc0000955	105752	OLKR01000956.1	C	A
Qrob_H2.3_Sc0000955	106803	OLKR01000956.1	A	G
Qrob_H2.3_Sc0000955	106815	OLKR01000956.1	T	G
Qrob_H2.3_Sc0000955	106979	OLKR01000956.1	T	C
Qrob_H2.3_Sc0000955	107418	OLKR01000956.1	C	G
Qrob_H2.3_Sc0000955	107564	OLKR01000956.1	G	C
Qrob_H2.3_Sc0000955	107826	OLKR01000956.1	A	G
Qrob_H2.3_Sc0000955	108284	OLKR01000956.1	A	G
Qrob_H2.3_Sc0000955	108562	OLKR01000956.1	T	G
Qrob_H2.3_Sc0000955	108565	OLKR01000956.1	A	C
Qrob_H2.3_Sc0000955	108589	OLKR01000956.1	A	G
Qrob_H2.3_Sc0000955	108622	OLKR01000956.1	C	G
Qrob_H2.3_Sc0000955	108684	OLKR01000956.1	T	G
Qrob_H2.3_Sc0000962	48436	OLKR01000963.1	T	G
Qrob_H2.3_Sc0000990	3383	OLKR01000991.1	A	G
Qrob_H2.3_Sc0001021	17554	OLKR01001022.1	G	C
Qrob_H2.3_Sc0001021	17608	OLKR01001022.1	A	G
Qrob_H2.3_Sc0001021	17618	OLKR01001022.1	C	T
Qrob_H2.3_Sc0001085	33171	OLKR01001086.1	T	G
Qrob_H2.3_Sc0001085	54461	OLKR01001086.1	G	A
Qrob_H2.3_Sc0001085	54516	OLKR01001086.1	T	G
Qrob_H2.3_Sc0001085	54642	OLKR01001086.1	A	C
Qrob_H2.3_Sc0001085	54723	OLKR01001086.1	T	C
Qrob_Chr01	1714584	LT985733.1	G	A
Qrob_Chr01	1714668	LT985733.1	A	G
Qrob_Chr01	1714728	LT985733.1	T	C
Qrob_Chr01	1714821	LT985733.1	T	C
Qrob_Chr01	4457605	LT985733.1	A	G
Qrob_Chr01	4457645	LT985733.1	A	G
Qrob_Chr01	4457663	LT985733.1	A	G
Qrob_Chr01	4457684	LT985733.1	A	G
Qrob_Chr01	4457720	LT985733.1	T	C
Qrob_Chr01	4457723	LT985733.1	C	T
Qrob_Chr01	4457753	LT985733.1	T	C
Qrob_Chr01	4457926	LT985733.1	A	G
Qrob_Chr01	4750740	LT985733.1	A	G
Qrob_Chr01	4750777	LT985733.1	C	T
Qrob_Chr01	4750795	LT985733.1	T	A
Qrob_Chr01	4750825	LT985733.1	C	T
Qrob_Chr01	7802238	LT985733.1	A	G
Qrob_Chr01	7802240	LT985733.1	A	G
Qrob_Chr01	7802262	LT985733.1	T	C
Qrob_Chr01	7802265	LT985733.1	G	T
Qrob_Chr01	7802320	LT985733.1	A	C
Qrob_Chr01	10960729	LT985733.1	T	C
Qrob_Chr01	10960799	LT985733.1	C	T
Qrob_Chr01	10960883	LT985733.1	G	T
Qrob_Chr01	10960886	LT985733.1	T	C
Qrob_Chr01	10961004	LT985733.1	A	G
Qrob_Chr01	13178849	LT985733.1	A	T
Qrob_Chr01	13178865	LT985733.1	A	C
Qrob_Chr01	13178872	LT985733.1	G	A
Qrob_Chr01	13178988	LT985733.1	G	A
Qrob_Chr01	13178994	LT985733.1	G	A
Qrob_Chr01	15019599	LT985733.1	C	T
Qrob_Chr01	15019673	LT985733.1	G	A
Qrob_Chr01	15019704	LT985733.1	T	C
Qrob_Chr01	15019705	LT985733.1	G	A
Qrob_Chr01	15019708	LT985733.1	G	A
Qrob_Chr01	15019714	LT985733.1	C	T
Qrob_Chr01	15642440	LT985733.1	T	A
Qrob_Chr01	15642540	LT985733.1	T	G
Qrob_Chr01	15642622	LT985733.1	C	T
Qrob_Chr01	19166646	LT985733.1	T	A
Qrob_Chr01	19166701	LT985733.1	T	C
Qrob_Chr01	19948477	LT985733.1	A	C
Qrob_Chr01	20034753	LT985733.1	T	A
Qrob_Chr01	20076899	LT985733.1	T	G
Qrob_Chr01	20079537	LT985733.1	T	G
Qrob_Chr01	20084583	LT985733.1	C	G
Qrob_Chr01	20088441	LT985733.1	C	G
Qrob_Chr01	20092029	LT985733.1	C	A
Qrob_Chr01	20092824	LT985733.1	C	A
Qrob_Chr01	20092867	LT985733.1	C	T
Qrob_Chr01	20096952	LT985733.1	A	G
Qrob_Chr01	20097019	LT985733.1	A	G
Qrob_Chr01	20486100	LT985733.1	C	T
Qrob_Chr01	20486145	LT985733.1	C	T
Qrob_Chr01	23568493	LT985733.1	G	T
Qrob_Chr01	23568563	LT985733.1	A	G
Qrob_Chr01	24910664	LT985733.1	C	G
Qrob_Chr01	24910672	LT985733.1	C	T
Qrob_Chr01	24910674	LT985733.1	T	G
Qrob_Chr01	24910708	LT985733.1	T	A
Qrob_Chr01	24910725	LT985733.1	A	T
Qrob_Chr01	32510427	LT985733.1	G	A
Qrob_Chr01	32510470	LT985733.1	A	G
Qrob_Chr01	32510483	LT985733.1	A	G
Qrob_Chr01	32510526	LT985733.1	C	T
Qrob_Chr01	33107931	LT985733.1	T	C
Qrob_Chr01	33108065	LT985733.1	A	G
Qrob_Chr01	35740249	LT985733.1	A	G
Qrob_Chr01	35740278	LT985733.1	A	C
Qrob_Chr01	35740299	LT985733.1	A	G
Qrob_Chr01	35740318	LT985733.1	A	G
Qrob_Chr01	35740329	LT985733.1	A	C
Qrob_Chr01	35740384	LT985733.1	C	T
Qrob_Chr01	35740441	LT985733.1	C	T
Qrob_Chr01	35740460	LT985733.1	A	T
Qrob_Chr01	37600870	LT985733.1	A	G
Qrob_Chr01	37601054	LT985733.1	A	G
Qrob_Chr01	39045673	LT985733.1	A	G
Qrob_Chr01	39045808	LT985733.1	A	G
Qrob_Chr01	40492922	LT985733.1	G	A
Qrob_Chr01	40493025	LT985733.1	A	G
Qrob_Chr01	42583927	LT985733.1	A	T
Qrob_Chr01	42583983	LT985733.1	T	C
Qrob_Chr01	42584089	LT985733.1	A	T
Qrob_Chr01	42584091	LT985733.1	T	C
Qrob_Chr01	50469190	LT985733.1	A	G
Qrob_Chr01	50469200	LT985733.1	A	G
Qrob_Chr01	50469268	LT985733.1	T	C
Qrob_Chr01	50469306	LT985733.1	T	C
Qrob_Chr01	50469402	LT985733.1	A	G
Qrob_Chr01	50469443	LT985733.1	T	A
Qrob_Chr01	51284931	LT985733.1	T	C
Qrob_Chr01	51284965	LT985733.1	T	A
Qrob_Chr01	51459189	LT985733.1	A	G
Qrob_Chr01	51459210	LT985733.1	C	T
Qrob_Chr01	51459216	LT985733.1	C	T
Qrob_Chr01	51459411	LT985733.1	A	G
Qrob_Chr01	54339776	LT985733.1	A	G
Qrob_Chr02	9510145	LT985734.1	T	G
Qrob_Chr02	9539564	LT985734.1	T	C
Qrob_Chr02	9543115	LT985734.1	T	C
Qrob_Chr02	13881371	LT985734.1	C	T
Qrob_Chr02	14361920	LT985734.1	T	G
Qrob_Chr02	14403924	LT985734.1	C	G
Qrob_Chr02	14404118	LT985734.1	T	C
Qrob_Chr02	14404408	LT985734.1	G	C
Qrob_Chr02	14404423	LT985734.1	T	G
Qrob_Chr02	14404439	LT985734.1	T	A
Qrob_Chr02	14404519	LT985734.1	T	C
Qrob_Chr02	14407386	LT985734.1	G	A
Qrob_Chr02	14407394	LT985734.1	A	G
Qrob_Chr02	14407424	LT985734.1	T	G
Qrob_Chr02	14407487	LT985734.1	A	G
Qrob_Chr02	14407611	LT985734.1	T	C
Qrob_Chr02	14411129	LT985734.1	A	C
Qrob_Chr02	14414866	LT985734.1	A	G
Qrob_Chr02	14430459	LT985734.1	C	A
Qrob_Chr02	14430794	LT985734.1	A	C
Qrob_Chr02	14431036	LT985734.1	A	C
Qrob_Chr02	14439803	LT985734.1	C	A
Qrob_Chr02	14443938	LT985734.1	G	C
Qrob_Chr02	14446622	LT985734.1	G	C
Qrob_Chr02	14446623	LT985734.1	C	G
Qrob_Chr02	14446910	LT985734.1	T	G
Qrob_Chr02	14447286	LT985734.1	A	C
Qrob_Chr02	14447492	LT985734.1	A	C
Qrob_Chr02	14450194	LT985734.1	T	G
Qrob_Chr02	14450299	LT985734.1	T	C
Qrob_Chr02	14458384	LT985734.1	C	G
Qrob_Chr02	14476839	LT985734.1	G	T
Qrob_Chr02	15284135	LT985734.1	T	C
Qrob_Chr02	15284222	LT985734.1	G	A
Qrob_Chr02	15284384	LT985734.1	A	G
Qrob_Chr02	15284478	LT985734.1	G	A
Qrob_Chr02	16565180	LT985734.1	A	G
Qrob_Chr02	16565236	LT985734.1	T	C
Qrob_Chr02	16565287	LT985734.1	T	G
Qrob_Chr02	16565315	LT985734.1	A	T
Qrob_Chr02	18842940	LT985734.1	C	A
Qrob_Chr02	18843047	LT985734.1	T	C
Qrob_Chr02	18843091	LT985734.1	A	T
Qrob_Chr02	25768953	LT985734.1	T	C
Qrob_Chr02	25769001	LT985734.1	A	G
Qrob_Chr02	25769070	LT985734.1	G	A
Qrob_Chr02	28431061	LT985734.1	T	G
Qrob_Chr02	28431065	LT985734.1	C	A
Qrob_Chr02	28431072	LT985734.1	C	G
Qrob_Chr02	28431365	LT985734.1	A	G
Qrob_Chr02	28431389	LT985734.1	G	A
Qrob_Chr02	34400990	LT985734.1	G	A
Qrob_Chr02	34401004	LT985734.1	T	C
Qrob_Chr02	34401022	LT985734.1	A	G
Qrob_Chr02	36249953	LT985734.1	A	T
Qrob_Chr02	36249959	LT985734.1	T	G
Qrob_Chr02	36249999	LT985734.1	A	T
Qrob_Chr02	36250097	LT985734.1	C	T
Qrob_Chr02	36796946	LT985734.1	T	A
Qrob_Chr02	36796993	LT985734.1	T	C
Qrob_Chr02	36797003	LT985734.1	A	G
Qrob_Chr02	36797055	LT985734.1	G	A
Qrob_Chr02	41053548	LT985734.1	C	T
Qrob_Chr02	41053584	LT985734.1	C	A
Qrob_Chr02	41053672	LT985734.1	G	A
Qrob_Chr02	41053681	LT985734.1	T	C
Qrob_Chr02	41053753	LT985734.1	C	T
Qrob_Chr02	41430173	LT985734.1	C	T
Qrob_Chr02	41430183	LT985734.1	A	G
Qrob_Chr02	41430251	LT985734.1	A	G
Qrob_Chr02	41430253	LT985734.1	G	A
Qrob_Chr02	41776426	LT985734.1	T	C
Qrob_Chr02	45051435	LT985734.1	A	G
Qrob_Chr02	45051482	LT985734.1	G	A
Qrob_Chr02	46196499	LT985734.1	A	G
Qrob_Chr02	48909595	LT985734.1	C	A
Qrob_Chr02	48909631	LT985734.1	A	G
Qrob_Chr02	50928136	LT985734.1	A	C
Qrob_Chr02	50928188	LT985734.1	A	C
Qrob_Chr02	51048957	LT985734.1	T	C
Qrob_Chr02	51049022	LT985734.1	A	C
Qrob_Chr02	51049064	LT985734.1	A	G
Qrob_Chr02	53857951	LT985734.1	A	C
Qrob_Chr02	68171061	LT985734.1	A	T
Qrob_Chr02	70091305	LT985734.1	A	G
Qrob_Chr02	70091325	LT985734.1	A	T
Qrob_Chr02	74235029	LT985734.1	G	A
Qrob_Chr02	74235072	LT985734.1	C	T
Qrob_Chr02	74235077	LT985734.1	C	T
Qrob_Chr02	81159236	LT985734.1	C	T
Qrob_Chr02	81159267	LT985734.1	G	A
Qrob_Chr02	82808274	LT985734.1	T	C
Qrob_Chr02	82808277	LT985734.1	T	A
Qrob_Chr02	82808290	LT985734.1	A	C
Qrob_Chr02	82808305	LT985734.1	C	T
Qrob_Chr02	82808437	LT985734.1	A	G
Qrob_Chr02	84234956	LT985734.1	T	A
Qrob_Chr02	84235007	LT985734.1	T	G
Qrob_Chr02	84235032	LT985734.1	T	G
Qrob_Chr02	84235179	LT985734.1	G	A
Qrob_Chr02	92168356	LT985734.1	G	A
Qrob_Chr02	92168380	LT985734.1	G	A
Qrob_Chr02	98170859	LT985734.1	C	G
Qrob_Chr02	98170875	LT985734.1	G	A
Qrob_Chr02	98170884	LT985734.1	G	A
Qrob_Chr02	98170888	LT985734.1	T	A
Qrob_Chr02	98170918	LT985734.1	G	T
Qrob_Chr02	98170945	LT985734.1	G	A
Qrob_Chr02	98170948	LT985734.1	T	C
Qrob_Chr02	98171110	LT985734.1	A	G
Qrob_Chr02	98171112	LT985734.1	A	G
Qrob_Chr02	98171118	LT985734.1	C	T
Qrob_Chr02	98171123	LT985734.1	G	A
Qrob_Chr02	98171161	LT985734.1	G	A
Qrob_Chr02	99534274	LT985734.1	T	C
Qrob_Chr02	99534356	LT985734.1	T	C
Qrob_Chr02	99534373	LT985734.1	A	G
Qrob_Chr02	99960483	LT985734.1	A	G
Qrob_Chr02	99960525	LT985734.1	T	C
Qrob_Chr02	99960541	LT985734.1	A	G
Qrob_Chr02	100576626	LT985734.1	C	T
Qrob_Chr02	100576707	LT985734.1	C	T
Qrob_Chr02	100576721	LT985734.1	C	A
Qrob_Chr02	100576770	LT985734.1	G	A
Qrob_Chr02	100576780	LT985734.1	T	C
Qrob_Chr02	100576834	LT985734.1	C	G
Qrob_Chr02	100576835	LT985734.1	A	C
Qrob_Chr02	102008406	LT985734.1	C	A
Qrob_Chr02	102008458	LT985734.1	C	G
Qrob_Chr02	102008537	LT985734.1	C	T
Qrob_Chr02	102008553	LT985734.1	C	T
Qrob_Chr02	102008560	LT985734.1	T	C
Qrob_Chr02	102008588	LT985734.1	T	A
Qrob_Chr02	102008615	LT985734.1	G	T
Qrob_Chr02	102008617	LT985734.1	A	T
Qrob_Chr02	104208966	LT985734.1	T	C
Qrob_Chr02	104208981	LT985734.1	A	G
Qrob_Chr02	104209039	LT985734.1	A	T
Qrob_Chr02	104222954	LT985734.1	A	G
Qrob_Chr02	104223001	LT985734.1	T	C
Qrob_Chr02	104223014	LT985734.1	T	A
Qrob_Chr02	104223189	LT985734.1	G	A
Qrob_Chr02	104720408	LT985734.1	C	T
Qrob_Chr02	104720442	LT985734.1	C	T
Qrob_Chr02	104720537	LT985734.1	A	G
Qrob_Chr02	104720552	LT985734.1	A	G
Qrob_Chr02	107975491	LT985734.1	T	C
Qrob_Chr02	107975493	LT985734.1	T	A
Qrob_Chr02	107975523	LT985734.1	C	T
Qrob_Chr02	109265117	LT985734.1	G	A
Qrob_Chr02	109265135	LT985734.1	G	T
Qrob_Chr02	109265189	LT985734.1	T	C
Qrob_Chr02	109265198	LT985734.1	C	G
Qrob_Chr02	110776046	LT985734.1	A	G
Qrob_Chr02	110776073	LT985734.1	C	T
Qrob_Chr02	110776092	LT985734.1	T	G
Qrob_Chr02	110776155	LT985734.1	A	G
Qrob_Chr02	114232458	LT985734.1	G	T
Qrob_Chr02	114232488	LT985734.1	G	A
Qrob_Chr02	114232528	LT985734.1	A	G
Qrob_Chr02	114232626	LT985734.1	A	T
Qrob_Chr03	16942102	LT985735.1	C	A
Qrob_Chr03	16942108	LT985735.1	C	G
Qrob_Chr03	16942116	LT985735.1	G	A
Qrob_Chr03	16942133	LT985735.1	A	T
Qrob_Chr03	16942185	LT985735.1	A	T
Qrob_Chr03	23401029	LT985735.1	G	A
Qrob_Chr03	23401135	LT985735.1	G	T
Qrob_Chr03	35083002	LT985735.1	T	C
Qrob_Chr03	35083011	LT985735.1	T	C
Qrob_Chr03	35083056	LT985735.1	T	C
Qrob_Chr03	35083107	LT985735.1	A	T
Qrob_Chr03	35083317	LT985735.1	T	G
Qrob_Chr03	38313542	LT985735.1	T	C
Qrob_Chr03	38313608	LT985735.1	A	G
Qrob_Chr03	38313617	LT985735.1	A	T
Qrob_Chr03	38313628	LT985735.1	C	A
Qrob_Chr03	38313633	LT985735.1	A	T
Qrob_Chr03	38313647	LT985735.1	G	T
Qrob_Chr03	38313654	LT985735.1	G	T
Qrob_Chr03	38313660	LT985735.1	G	A
Qrob_Chr03	38313663	LT985735.1	A	T
Qrob_Chr03	46437634	LT985735.1	C	G
Qrob_Chr03	50257534	LT985735.1	T	C
Qrob_Chr03	50257634	LT985735.1	T	C
Qrob_Chr03	50257654	LT985735.1	T	C
Qrob_Chr03	50257678	LT985735.1	T	C
Qrob_Chr03	50257708	LT985735.1	A	G
Qrob_Chr03	50257736	LT985735.1	G	A
Qrob_Chr03	50257746	LT985735.1	T	C
Qrob_Chr03	50822088	LT985735.1	T	C
Qrob_Chr03	50822183	LT985735.1	C	G
Qrob_Chr03	50822206	LT985735.1	T	C
Qrob_Chr03	50822207	LT985735.1	G	A
Qrob_Chr03	50822213	LT985735.1	A	T
Qrob_Chr03	50822247	LT985735.1	G	A
Qrob_Chr03	50822262	LT985735.1	G	T
Qrob_Chr03	51466670	LT985735.1	A	G
Qrob_Chr03	52498876	LT985735.1	T	C
Qrob_Chr03	52498879	LT985735.1	T	C
Qrob_Chr03	52498882	LT985735.1	G	T
Qrob_Chr03	52498891	LT985735.1	C	A
Qrob_Chr03	52499038	LT985735.1	C	T
Qrob_Chr03	52499039	LT985735.1	T	C
Qrob_Chr03	52499105	LT985735.1	A	G
Qrob_Chr03	52499160	LT985735.1	T	A
Qrob_Chr03	54732959	LT985735.1	C	T
Qrob_Chr04	4140396	LT985736.1	T	A
Qrob_Chr04	4140439	LT985736.1	G	T
Qrob_Chr04	4140463	LT985736.1	T	C
Qrob_Chr04	4140566	LT985736.1	G	C
Qrob_Chr04	4140581	LT985736.1	G	A
Qrob_Chr04	4140652	LT985736.1	C	A
Qrob_Chr04	4140665	LT985736.1	C	T
Qrob_Chr04	4318046	LT985736.1	G	C
Qrob_Chr04	4318062	LT985736.1	T	C
Qrob_Chr04	4318071	LT985736.1	G	C
Qrob_Chr04	4318092	LT985736.1	C	T
Qrob_Chr04	4318094	LT985736.1	G	C
Qrob_Chr04	4318102	LT985736.1	G	A
Qrob_Chr04	4318108	LT985736.1	T	G
Qrob_Chr04	4318144	LT985736.1	T	A
Qrob_Chr04	6819285	LT985736.1	T	A
Qrob_Chr04	6819306	LT985736.1	G	A
Qrob_Chr04	14658940	LT985736.1	C	A
Qrob_Chr04	14659191	LT985736.1	C	T
Qrob_Chr04	14659194	LT985736.1	G	A
Qrob_Chr04	14659247	LT985736.1	C	T
Qrob_Chr04	20452367	LT985736.1	T	C
Qrob_Chr04	20452369	LT985736.1	A	T
Qrob_Chr04	20452466	LT985736.1	G	A
Qrob_Chr04	20849019	LT985736.1	C	T
Qrob_Chr04	20849021	LT985736.1	T	C
Qrob_Chr04	20849086	LT985736.1	T	A
Qrob_Chr04	20849191	LT985736.1	T	A
Qrob_Chr04	28045551	LT985736.1	T	C
Qrob_Chr04	28045555	LT985736.1	G	A
Qrob_Chr04	28045597	LT985736.1	T	C
Qrob_Chr04	28045630	LT985736.1	A	G
Qrob_Chr04	28045667	LT985736.1	T	G
Qrob_Chr04	37306552	LT985736.1	G	A
Qrob_Chr04	37306581	LT985736.1	C	T
Qrob_Chr04	37306629	LT985736.1	A	C
Qrob_Chr04	37306637	LT985736.1	A	T
Qrob_Chr04	37306646	LT985736.1	A	C
Qrob_Chr04	37306654	LT985736.1	C	T
Qrob_Chr04	37306668	LT985736.1	C	T
Qrob_Chr04	37306702	LT985736.1	G	C
Qrob_Chr04	37306714	LT985736.1	G	A
Qrob_Chr04	44961982	LT985736.1	A	T
Qrob_Chr04	44962123	LT985736.1	A	G
Qrob_Chr04	44962133	LT985736.1	G	A
Qrob_Chr04	44962141	LT985736.1	T	C
Qrob_Chr04	44962155	LT985736.1	C	A
Qrob_Chr05	11933198	LT985737.1	T	C
Qrob_Chr05	11933231	LT985737.1	T	A
Qrob_Chr05	11933268	LT985737.1	G	A
Qrob_Chr05	11933383	LT985737.1	T	C
Qrob_Chr05	11933428	LT985737.1	T	C
Qrob_Chr05	17350743	LT985737.1	A	G
Qrob_Chr05	17350751	LT985737.1	C	A
Qrob_Chr05	17350789	LT985737.1	T	C
Qrob_Chr05	17350790	LT985737.1	T	A
Qrob_Chr05	17350847	LT985737.1	A	G
Qrob_Chr05	17350860	LT985737.1	G	C
Qrob_Chr05	23778025	LT985737.1	T	C
Qrob_Chr05	23778039	LT985737.1	T	A
Qrob_Chr05	23778051	LT985737.1	G	C
Qrob_Chr05	23778110	LT985737.1	C	T
Qrob_Chr05	23778123	LT985737.1	T	C
Qrob_Chr05	23895604	LT985737.1	A	T
Qrob_Chr05	23895669	LT985737.1	T	C
Qrob_Chr05	23895670	LT985737.1	A	G
Qrob_Chr05	23895683	LT985737.1	A	G
Qrob_Chr05	23895701	LT985737.1	A	T
Qrob_Chr05	23895713	LT985737.1	C	T
Qrob_Chr05	23895842	LT985737.1	C	T
Qrob_Chr05	23895854	LT985737.1	C	G
Qrob_Chr05	24542826	LT985737.1	A	G
Qrob_Chr05	24542868	LT985737.1	T	C
Qrob_Chr05	24542974	LT985737.1	A	T
Qrob_Chr05	28523458	LT985737.1	T	C
Qrob_Chr05	28523492	LT985737.1	T	C
Qrob_Chr05	28523496	LT985737.1	A	G
Qrob_Chr05	28523537	LT985737.1	G	A
Qrob_Chr05	34731051	LT985737.1	G	A
Qrob_Chr05	34731073	LT985737.1	A	T
Qrob_Chr05	34731115	LT985737.1	C	G
Qrob_Chr05	34731152	LT985737.1	C	A
Qrob_Chr05	34731171	LT985737.1	G	A
Qrob_Chr05	34731183	LT985737.1	A	G
Qrob_Chr05	34731219	LT985737.1	C	T
Qrob_Chr05	40120499	LT985737.1	T	G
Qrob_Chr05	40120539	LT985737.1	T	C
Qrob_Chr05	43426909	LT985737.1	T	C
Qrob_Chr05	43426925	LT985737.1	T	C
Qrob_Chr05	43427083	LT985737.1	T	A
Qrob_Chr05	43427139	LT985737.1	T	C
Qrob_Chr05	44279377	LT985737.1	T	C
Qrob_Chr05	44279407	LT985737.1	C	T
Qrob_Chr05	44279415	LT985737.1	A	G
Qrob_Chr05	44279494	LT985737.1	C	T
Qrob_Chr05	44695978	LT985737.1	C	T
Qrob_Chr05	44696017	LT985737.1	G	A
Qrob_Chr05	51120515	LT985737.1	C	A
Qrob_Chr05	54600427	LT985737.1	C	T
Qrob_Chr05	54600439	LT985737.1	G	C
Qrob_Chr05	54778173	LT985737.1	G	A
Qrob_Chr05	55341582	LT985737.1	T	C
Qrob_Chr05	55341584	LT985737.1	T	C
Qrob_Chr05	55341625	LT985737.1	G	T
Qrob_Chr05	55341632	LT985737.1	T	C
Qrob_Chr05	55341652	LT985737.1	C	A
Qrob_Chr05	60989476	LT985737.1	T	G
Qrob_Chr05	60989534	LT985737.1	G	A
Qrob_Chr05	60989540	LT985737.1	A	T
Qrob_Chr05	60989548	LT985737.1	A	G
Qrob_Chr05	60989568	LT985737.1	T	C
Qrob_Chr05	63405364	LT985737.1	T	C
Qrob_Chr05	67004974	LT985737.1	A	G
Qrob_Chr05	67004978	LT985737.1	A	T
Qrob_Chr05	67004984	LT985737.1	C	T
Qrob_Chr05	67005002	LT985737.1	C	G
Qrob_Chr05	67005017	LT985737.1	T	G
Qrob_Chr05	67005024	LT985737.1	T	A
Qrob_Chr05	67005080	LT985737.1	A	G
Qrob_Chr05	67005105	LT985737.1	A	G
Qrob_Chr05	67005113	LT985737.1	G	C
Qrob_Chr05	68587308	LT985737.1	A	T
Qrob_Chr05	68587316	LT985737.1	A	G
Qrob_Chr05	68587323	LT985737.1	G	A
Qrob_Chr05	68587393	LT985737.1	C	A
Qrob_Chr05	68587737	LT985737.1	C	A
Qrob_Chr06	2578774	LT985738.1	G	C
Qrob_Chr06	2579032	LT985738.1	A	G
Qrob_Chr06	2579039	LT985738.1	C	A
Qrob_Chr06	2579076	LT985738.1	T	C
Qrob_Chr06	2579103	LT985738.1	C	T
Qrob_Chr06	2579127	LT985738.1	A	T
Qrob_Chr06	4711720	LT985738.1	A	G
Qrob_Chr06	4711822	LT985738.1	A	G
Qrob_Chr06	4864902	LT985738.1	C	T
Qrob_Chr06	4864912	LT985738.1	A	T
Qrob_Chr06	4864916	LT985738.1	A	T
Qrob_Chr06	4864929	LT985738.1	G	A
Qrob_Chr06	4864930	LT985738.1	T	A
Qrob_Chr06	4864936	LT985738.1	T	A
Qrob_Chr06	4865043	LT985738.1	G	T
Qrob_Chr06	4865045	LT985738.1	G	A
Qrob_Chr06	8498489	LT985738.1	G	A
Qrob_Chr06	8498595	LT985738.1	C	T
Qrob_Chr06	9212420	LT985738.1	C	A
Qrob_Chr06	9212477	LT985738.1	T	A
Qrob_Chr06	9212480	LT985738.1	T	C
Qrob_Chr06	9212540	LT985738.1	G	T
Qrob_Chr06	12121694	LT985738.1	G	T
Qrob_Chr06	12122232	LT985738.1	G	T
Qrob_Chr06	12122312	LT985738.1	T	C
Qrob_Chr06	13296872	LT985738.1	A	G
Qrob_Chr06	13296922	LT985738.1	G	A
Qrob_Chr06	13296951	LT985738.1	C	T
Qrob_Chr06	30283462	LT985738.1	G	A
Qrob_Chr06	30283477	LT985738.1	G	A
Qrob_Chr06	30283484	LT985738.1	C	G
Qrob_Chr06	30283497	LT985738.1	G	A
Qrob_Chr06	32796721	LT985738.1	C	A
Qrob_Chr06	32796727	LT985738.1	A	C
Qrob_Chr06	32799015	LT985738.1	A	G
Qrob_Chr06	32839957	LT985738.1	G	T
Qrob_Chr06	40644719	LT985738.1	G	A
Qrob_Chr06	40644751	LT985738.1	A	T
Qrob_Chr06	40644753	LT985738.1	T	C
Qrob_Chr06	40644754	LT985738.1	T	C
Qrob_Chr06	40644787	LT985738.1	A	G
Qrob_Chr06	40945810	LT985738.1	C	T
Qrob_Chr06	40945852	LT985738.1	C	T
Qrob_Chr06	40945875	LT985738.1	T	A
Qrob_Chr06	40945922	LT985738.1	G	A
Qrob_Chr06	40945940	LT985738.1	A	G
Qrob_Chr06	40945944	LT985738.1	A	G
Qrob_Chr06	40946065	LT985738.1	T	C
Qrob_Chr06	40946110	LT985738.1	T	C
Qrob_Chr06	40946116	LT985738.1	A	T
Qrob_Chr06	44721074	LT985738.1	A	T
Qrob_Chr06	44721117	LT985738.1	T	A
Qrob_Chr06	44721125	LT985738.1	T	C
Qrob_Chr06	44721129	LT985738.1	T	C
Qrob_Chr06	44863563	LT985738.1	T	C
Qrob_Chr06	44863653	LT985738.1	T	A
Qrob_Chr06	45941383	LT985738.1	C	T
Qrob_Chr06	48553124	LT985738.1	C	G
Qrob_Chr06	48553185	LT985738.1	G	A
Qrob_Chr06	48553320	LT985738.1	A	G
Qrob_Chr06	48553392	LT985738.1	C	A
Qrob_Chr06	50120799	LT985738.1	T	C
Qrob_Chr06	50120801	LT985738.1	T	C
Qrob_Chr06	50905755	LT985738.1	T	C
Qrob_Chr06	50905757	LT985738.1	G	T
Qrob_Chr06	50905768	LT985738.1	G	T
Qrob_Chr06	50905789	LT985738.1	C	T
Qrob_Chr06	50905846	LT985738.1	A	G
Qrob_Chr06	50905887	LT985738.1	G	T
Qrob_Chr06	50905903	LT985738.1	C	T
Qrob_Chr06	50905905	LT985738.1	T	G
Qrob_Chr06	51282680	LT985738.1	C	T
Qrob_Chr06	51282702	LT985738.1	G	A
Qrob_Chr06	51385445	LT985738.1	C	T
Qrob_Chr06	51385589	LT985738.1	C	T
Qrob_Chr06	51385665	LT985738.1	A	T
Qrob_Chr06	55090416	LT985738.1	A	C
Qrob_Chr06	55090419	LT985738.1	T	A
Qrob_Chr06	55090432	LT985738.1	G	A
Qrob_Chr06	55090460	LT985738.1	T	G
Qrob_Chr06	55090468	LT985738.1	T	G
Qrob_Chr06	55090491	LT985738.1	T	G
Qrob_Chr06	55090494	LT985738.1	T	C
Qrob_Chr06	55090499	LT985738.1	G	A
Qrob_Chr06	55090570	LT985738.1	C	A
Qrob_Chr06	55090572	LT985738.1	T	A
Qrob_Chr06	55090597	LT985738.1	C	G
Qrob_Chr06	55090614	LT985738.1	C	G
Qrob_Chr06	55090615	LT985738.1	T	G
Qrob_Chr06	55090619	LT985738.1	G	A
Qrob_Chr06	55090620	LT985738.1	A	C
Qrob_Chr06	55090641	LT985738.1	C	T
Qrob_Chr06	55090661	LT985738.1	A	G
Qrob_Chr06	56444314	LT985738.1	T	C
Qrob_Chr06	56627956	LT985738.1	T	C
Qrob_Chr06	56627958	LT985738.1	G	A
Qrob_Chr06	56627961	LT985738.1	T	C
Qrob_Chr06	56627966	LT985738.1	G	A
Qrob_Chr06	56627993	LT985738.1	A	G
Qrob_Chr06	56628133	LT985738.1	A	G
Qrob_Chr06	56628166	LT985738.1	C	T
Qrob_Chr06	56628196	LT985738.1	A	G
Qrob_Chr06	56628207	LT985738.1	G	A
Qrob_Chr07	7105695	LT985739.1	C	A
Qrob_Chr07	7105795	LT985739.1	C	T
Qrob_Chr07	7105798	LT985739.1	T	A
Qrob_Chr07	7105801	LT985739.1	T	C
Qrob_Chr07	7105875	LT985739.1	C	T
Qrob_Chr07	7105911	LT985739.1	T	C
Qrob_Chr07	7105923	LT985739.1	A	G
Qrob_Chr07	7105941	LT985739.1	T	C
Qrob_Chr07	9203277	LT985739.1	C	T
Qrob_Chr07	9203323	LT985739.1	T	A
Qrob_Chr07	9203326	LT985739.1	A	C
Qrob_Chr07	18414959	LT985739.1	T	C
Qrob_Chr07	20015261	LT985739.1	G	A
Qrob_Chr07	20015307	LT985739.1	C	T
Qrob_Chr07	20015333	LT985739.1	G	A
Qrob_Chr07	20015449	LT985739.1	G	A
Qrob_Chr07	20015455	LT985739.1	G	T
Qrob_Chr07	20015462	LT985739.1	C	A
Qrob_Chr07	20015472	LT985739.1	T	C
Qrob_Chr07	20015489	LT985739.1	T	C
Qrob_Chr07	20015514	LT985739.1	C	T
Qrob_Chr07	20015521	LT985739.1	C	T
Qrob_Chr07	21285640	LT985739.1	A	T
Qrob_Chr07	21285655	LT985739.1	T	C
Qrob_Chr07	21285662	LT985739.1	A	G
Qrob_Chr07	21285665	LT985739.1	C	T
Qrob_Chr07	29744956	LT985739.1	C	T
Qrob_Chr07	29744986	LT985739.1	G	T
Qrob_Chr07	29744989	LT985739.1	A	G
Qrob_Chr07	29745036	LT985739.1	G	A
Qrob_Chr07	29754319	LT985739.1	C	G
Qrob_Chr07	29754383	LT985739.1	G	C
Qrob_Chr07	29754568	LT985739.1	A	C
Qrob_Chr07	29754628	LT985739.1	G	T
Qrob_Chr07	33387914	LT985739.1	A	G
Qrob_Chr07	33388106	LT985739.1	A	T
Qrob_Chr07	33388143	LT985739.1	A	C
Qrob_Chr07	33388160	LT985739.1	T	A
Qrob_Chr07	33388216	LT985739.1	T	A
Qrob_Chr07	33388223	LT985739.1	C	T
Qrob_Chr07	33508763	LT985739.1	C	T
Qrob_Chr07	34417756	LT985739.1	T	C
Qrob_Chr07	34417783	LT985739.1	C	T
Qrob_Chr07	35455155	LT985739.1	C	T
Qrob_Chr07	35455181	LT985739.1	C	T
Qrob_Chr07	35455198	LT985739.1	T	C
Qrob_Chr07	35455474	LT985739.1	G	C
Qrob_Chr07	35455515	LT985739.1	C	G
Qrob_Chr07	35455527	LT985739.1	T	C
Qrob_Chr07	35455539	LT985739.1	C	T
Qrob_Chr07	35455615	LT985739.1	C	G
Qrob_Chr07	35455618	LT985739.1	T	C
Qrob_Chr07	35455717	LT985739.1	A	G
Qrob_Chr07	35455748	LT985739.1	C	T
Qrob_Chr07	37058429	LT985739.1	G	T
Qrob_Chr07	37139513	LT985739.1	C	T
Qrob_Chr07	37139558	LT985739.1	A	T
Qrob_Chr07	37139610	LT985739.1	C	T
Qrob_Chr07	37139655	LT985739.1	A	G
Qrob_Chr07	37139682	LT985739.1	A	G
Qrob_Chr07	37139731	LT985739.1	T	A
Qrob_Chr07	45972291	LT985739.1	T	A
Qrob_Chr07	45972315	LT985739.1	G	C
Qrob_Chr08	3347839	LT985740.1	A	G
Qrob_Chr08	3347855	LT985740.1	A	G
Qrob_Chr08	3347927	LT985740.1	G	T
Qrob_Chr08	3369625	LT985740.1	C	G
Qrob_Chr08	3379302	LT985740.1	T	G
Qrob_Chr08	3379326	LT985740.1	A	G
Qrob_Chr08	3379382	LT985740.1	G	A
Qrob_Chr08	3379387	LT985740.1	T	G
Qrob_Chr08	3386728	LT985740.1	C	G
Qrob_Chr08	10700069	LT985740.1	T	C
Qrob_Chr08	10700132	LT985740.1	C	T
Qrob_Chr08	10700206	LT985740.1	A	C
Qrob_Chr08	10700208	LT985740.1	T	C
Qrob_Chr08	11369517	LT985740.1	G	A
Qrob_Chr08	16922565	LT985740.1	C	T
Qrob_Chr08	16922573	LT985740.1	C	A
Qrob_Chr08	16922609	LT985740.1	A	G
Qrob_Chr08	16922611	LT985740.1	A	G
Qrob_Chr08	23275471	LT985740.1	C	G
Qrob_Chr08	23275492	LT985740.1	G	A
Qrob_Chr08	23275504	LT985740.1	C	T
Qrob_Chr08	23275506	LT985740.1	C	T
Qrob_Chr08	23275532	LT985740.1	G	A
Qrob_Chr08	23275546	LT985740.1	A	G
Qrob_Chr08	23275552	LT985740.1	G	A
Qrob_Chr08	23275587	LT985740.1	T	G
Qrob_Chr08	27174457	LT985740.1	T	C
Qrob_Chr08	27174556	LT985740.1	G	A
Qrob_Chr08	27174579	LT985740.1	G	A
Qrob_Chr08	27174584	LT985740.1	T	C
Qrob_Chr08	27174610	LT985740.1	G	A
Qrob_Chr08	27174613	LT985740.1	G	A
Qrob_Chr08	27174614	LT985740.1	G	A
Qrob_Chr08	27174624	LT985740.1	G	A
Qrob_Chr08	29237443	LT985740.1	G	T
Qrob_Chr08	29237483	LT985740.1	T	A
Qrob_Chr08	29237969	LT985740.1	T	C
Qrob_Chr08	29597148	LT985740.1	A	C
Qrob_Chr08	29597200	LT985740.1	A	G
Qrob_Chr08	29597208	LT985740.1	T	G
Qrob_Chr08	30231582	LT985740.1	T	G
Qrob_Chr08	30231605	LT985740.1	C	T
Qrob_Chr08	30480193	LT985740.1	A	T
Qrob_Chr08	30480224	LT985740.1	T	C
Qrob_Chr08	30480277	LT985740.1	G	C
Qrob_Chr08	30480347	LT985740.1	A	C
Qrob_Chr08	30480349	LT985740.1	T	A
Qrob_Chr08	42170819	LT985740.1	G	C
Qrob_Chr08	42170845	LT985740.1	A	G
Qrob_Chr08	42170914	LT985740.1	C	T
Qrob_Chr08	43578035	LT985740.1	T	C
Qrob_Chr08	43578099	LT985740.1	T	G
Qrob_Chr08	43578256	LT985740.1	T	G
Qrob_Chr08	43578271	LT985740.1	A	G
Qrob_Chr08	43578290	LT985740.1	C	T
Qrob_Chr08	43578327	LT985740.1	C	T
Qrob_Chr08	43645152	LT985740.1	G	T
Qrob_Chr08	43645272	LT985740.1	T	C
Qrob_Chr08	43645279	LT985740.1	T	C
Qrob_Chr08	43645299	LT985740.1	T	C
Qrob_Chr08	43645332	LT985740.1	T	C
Qrob_Chr08	43645338	LT985740.1	C	G
Qrob_Chr08	43645339	LT985740.1	C	T
Qrob_Chr08	45491147	LT985740.1	C	T
Qrob_Chr08	45491258	LT985740.1	C	A
Qrob_Chr08	46311537	LT985740.1	G	A
Qrob_Chr08	46311634	LT985740.1	T	C
Qrob_Chr08	51486380	LT985740.1	G	A
Qrob_Chr08	51486391	LT985740.1	C	T
Qrob_Chr08	51486411	LT985740.1	T	C
Qrob_Chr08	51486458	LT985740.1	G	T
Qrob_Chr08	51493027	LT985740.1	C	T
Qrob_Chr08	53060196	LT985740.1	G	T
Qrob_Chr08	53060239	LT985740.1	T	C
Qrob_Chr08	53060261	LT985740.1	T	G
Qrob_Chr08	53710536	LT985740.1	G	A
Qrob_Chr08	53710877	LT985740.1	T	C
Qrob_Chr08	53710878	LT985740.1	T	C
Qrob_Chr08	53710893	LT985740.1	T	G
Qrob_Chr08	53710925	LT985740.1	C	G
Qrob_Chr08	54002395	LT985740.1	C	T
Qrob_Chr08	54002424	LT985740.1	T	G
Qrob_Chr08	57252664	LT985740.1	G	T
Qrob_Chr08	57252701	LT985740.1	G	A
Qrob_Chr08	57252807	LT985740.1	C	A
Qrob_Chr08	57252808	LT985740.1	C	T
Qrob_Chr08	60443067	LT985740.1	A	C
Qrob_Chr08	60443132	LT985740.1	A	G
Qrob_Chr08	60443153	LT985740.1	T	A
Qrob_Chr08	63084989	LT985740.1	G	A
Qrob_Chr08	63097163	LT985740.1	G	A
Qrob_Chr08	63103261	LT985740.1	C	G
Qrob_Chr08	63103267	LT985740.1	A	G
Qrob_Chr08	63103449	LT985740.1	G	A
Qrob_Chr08	63103723	LT985740.1	G	C
Qrob_Chr08	63104254	LT985740.1	G	A
Qrob_Chr08	63104339	LT985740.1	T	G
Qrob_Chr08	63104345	LT985740.1	A	G
Qrob_Chr08	63521072	LT985740.1	A	G
Qrob_Chr08	63521073	LT985740.1	C	T
Qrob_Chr08	63521111	LT985740.1	T	A
Qrob_Chr08	63521119	LT985740.1	A	G
Qrob_Chr08	63521120	LT985740.1	A	T
Qrob_Chr08	63521135	LT985740.1	G	A
Qrob_Chr08	63521148	LT985740.1	T	C
Qrob_Chr08	63521162	LT985740.1	A	C
Qrob_Chr08	63521168	LT985740.1	C	T
Qrob_Chr08	63521191	LT985740.1	A	C
Qrob_Chr08	67187020	LT985740.1	T	A
Qrob_Chr08	67187091	LT985740.1	C	G
Qrob_Chr08	67187109	LT985740.1	T	C
Qrob_Chr08	67187165	LT985740.1	C	T
Qrob_Chr08	67187166	LT985740.1	G	A
Qrob_Chr08	67435455	LT985740.1	T	C
Qrob_Chr08	67435464	LT985740.1	G	A
Qrob_Chr08	67435648	LT985740.1	T	A
Qrob_Chr08	67435669	LT985740.1	T	C
Qrob_Chr08	67540676	LT985740.1	G	A
Qrob_Chr08	67540727	LT985740.1	A	C
Qrob_Chr08	67540794	LT985740.1	T	A
Qrob_Chr09	2141744	LT985741.1	T	C
Qrob_Chr09	2141746	LT985741.1	A	G
Qrob_Chr09	2141748	LT985741.1	C	A
Qrob_Chr09	2141768	LT985741.1	G	T
Qrob_Chr09	2141837	LT985741.1	T	C
Qrob_Chr09	2141843	LT985741.1	A	G
Qrob_Chr09	2141847	LT985741.1	A	T
Qrob_Chr09	2141864	LT985741.1	C	T
Qrob_Chr09	2141876	LT985741.1	T	C
Qrob_Chr09	2141889	LT985741.1	C	T
Qrob_Chr09	12140540	LT985741.1	A	T
Qrob_Chr09	12347346	LT985741.1	T	G
Qrob_Chr09	12347378	LT985741.1	C	A
Qrob_Chr09	12347450	LT985741.1	T	G
Qrob_Chr09	12347464	LT985741.1	C	T
Qrob_Chr09	13286485	LT985741.1	C	G
Qrob_Chr09	14662204	LT985741.1	T	C
Qrob_Chr09	14662240	LT985741.1	G	T
Qrob_Chr09	14662259	LT985741.1	C	G
Qrob_Chr09	14662261	LT985741.1	G	A
Qrob_Chr09	14662291	LT985741.1	T	C
Qrob_Chr09	14662296	LT985741.1	A	T
Qrob_Chr09	15822334	LT985741.1	C	A
Qrob_Chr09	15822354	LT985741.1	C	T
Qrob_Chr09	15822418	LT985741.1	A	G
Qrob_Chr09	15822456	LT985741.1	T	A
Qrob_Chr09	15822528	LT985741.1	C	A
Qrob_Chr09	20315036	LT985741.1	C	T
Qrob_Chr09	20315112	LT985741.1	G	A
Qrob_Chr09	20315157	LT985741.1	T	G
Qrob_Chr09	20315191	LT985741.1	C	G
Qrob_Chr09	23185097	LT985741.1	T	C
Qrob_Chr09	23185102	LT985741.1	G	A
Qrob_Chr09	23185263	LT985741.1	C	G
Qrob_Chr09	23185278	LT985741.1	C	G
Qrob_Chr09	25380168	LT985741.1	T	A
Qrob_Chr09	25380372	LT985741.1	A	T
Qrob_Chr09	31577584	LT985741.1	G	T
Qrob_Chr09	31577674	LT985741.1	G	A
Qrob_Chr09	32284171	LT985741.1	A	G
Qrob_Chr09	37592277	LT985741.1	T	C
Qrob_Chr09	37592346	LT985741.1	T	C
Qrob_Chr09	37592349	LT985741.1	G	A
Qrob_Chr09	37592352	LT985741.1	T	C
Qrob_Chr09	37592355	LT985741.1	A	G
Qrob_Chr09	39233031	LT985741.1	C	T
Qrob_Chr09	39233045	LT985741.1	A	G
Qrob_Chr09	39233047	LT985741.1	C	T
Qrob_Chr09	39233055	LT985741.1	A	G
Qrob_Chr09	47848945	LT985741.1	A	G
Qrob_Chr09	48347615	LT985741.1	T	C
Qrob_Chr09	48347629	LT985741.1	G	A
Qrob_Chr09	48347630	LT985741.1	A	T
Qrob_Chr09	48347642	LT985741.1	C	G
Qrob_Chr09	48347672	LT985741.1	T	C
Qrob_Chr10	7435858	LT985742.1	C	G
Qrob_Chr10	7435865	LT985742.1	A	G
Qrob_Chr10	8319017	LT985742.1	T	C
Qrob_Chr10	8319018	LT985742.1	A	C
Qrob_Chr10	8319064	LT985742.1	C	A
Qrob_Chr10	8319068	LT985742.1	C	T
Qrob_Chr10	8319070	LT985742.1	T	C
Qrob_Chr10	8319083	LT985742.1	G	T
Qrob_Chr10	8319104	LT985742.1	G	A
Qrob_Chr10	11402840	LT985742.1	A	G
Qrob_Chr10	11776571	LT985742.1	C	T
Qrob_Chr10	11776604	LT985742.1	T	C
Qrob_Chr10	11776679	LT985742.1	T	C
Qrob_Chr10	11776703	LT985742.1	C	G
Qrob_Chr10	12649582	LT985742.1	C	G
Qrob_Chr10	12649621	LT985742.1	G	T
Qrob_Chr10	12649642	LT985742.1	G	A
Qrob_Chr10	12649672	LT985742.1	G	A
Qrob_Chr10	12649679	LT985742.1	G	A
Qrob_Chr10	12649700	LT985742.1	G	C
Qrob_Chr10	12649732	LT985742.1	G	A
Qrob_Chr10	12649774	LT985742.1	T	C
Qrob_Chr10	14753732	LT985742.1	A	G
Qrob_Chr10	14753737	LT985742.1	C	A
Qrob_Chr10	14753805	LT985742.1	T	A
Qrob_Chr10	14753854	LT985742.1	A	T
Qrob_Chr10	14753859	LT985742.1	A	G
Qrob_Chr10	14753937	LT985742.1	C	A
Qrob_Chr10	16571059	LT985742.1	A	G
Qrob_Chr10	16571165	LT985742.1	G	A
Qrob_Chr10	16571205	LT985742.1	G	C
Qrob_Chr10	16643919	LT985742.1	A	T
Qrob_Chr10	16643958	LT985742.1	G	A
Qrob_Chr10	16643969	LT985742.1	A	T
Qrob_Chr10	16643974	LT985742.1	T	A
Qrob_Chr10	16643977	LT985742.1	T	C
Qrob_Chr10	16644000	LT985742.1	G	A
Qrob_Chr10	16644004	LT985742.1	A	G
Qrob_Chr10	16644010	LT985742.1	T	A
Qrob_Chr10	16644063	LT985742.1	A	G
Qrob_Chr10	16644080	LT985742.1	T	C
Qrob_Chr10	16644101	LT985742.1	G	A
Qrob_Chr10	16903403	LT985742.1	C	G
Qrob_Chr10	16903430	LT985742.1	C	T
Qrob_Chr10	16903528	LT985742.1	C	T
Qrob_Chr10	16903537	LT985742.1	T	A
Qrob_Chr10	17157520	LT985742.1	A	C
Qrob_Chr10	17157523	LT985742.1	G	A
Qrob_Chr10	18125955	LT985742.1	A	C
Qrob_Chr10	18126024	LT985742.1	G	T
Qrob_Chr10	21327875	LT985742.1	G	A
Qrob_Chr10	21328243	LT985742.1	C	G
Qrob_Chr10	21328295	LT985742.1	C	T
Qrob_Chr10	21328311	LT985742.1	G	A
Qrob_Chr10	21328326	LT985742.1	T	C
Qrob_Chr10	21328331	LT985742.1	A	G
Qrob_Chr10	21328345	LT985742.1	C	G
Qrob_Chr10	21328361	LT985742.1	C	T
Qrob_Chr10	21490133	LT985742.1	G	T
Qrob_Chr10	23889956	LT985742.1	T	C
Qrob_Chr10	23914463	LT985742.1	T	G
Qrob_Chr10	29019347	LT985742.1	A	G
Qrob_Chr10	29019354	LT985742.1	C	T
Qrob_Chr10	29019371	LT985742.1	A	T
Qrob_Chr10	37464699	LT985742.1	A	C
Qrob_Chr10	38047397	LT985742.1	T	C
Qrob_Chr10	38047456	LT985742.1	T	A
Qrob_Chr10	38047466	LT985742.1	A	G
Qrob_Chr10	38047598	LT985742.1	A	C
Qrob_Chr10	38047616	LT985742.1	T	G
Qrob_Chr10	38047622	LT985742.1	G	C
Qrob_Chr10	38047644	LT985742.1	G	A
Qrob_Chr10	38047649	LT985742.1	T	C
Qrob_Chr10	38047734	LT985742.1	T	C
Qrob_Chr10	38047761	LT985742.1	C	T
Qrob_Chr10	38047786	LT985742.1	C	T
Qrob_Chr10	38047787	LT985742.1	T	C
Qrob_Chr10	38047858	LT985742.1	G	A
Qrob_Chr10	41942577	LT985742.1	T	A
Qrob_Chr10	41942584	LT985742.1	C	T
Qrob_Chr10	41942586	LT985742.1	T	A
Qrob_Chr10	41942596	LT985742.1	T	A
Qrob_Chr10	46086287	LT985742.1	T	A
Qrob_Chr10	46086292	LT985742.1	C	T
Qrob_Chr10	46086337	LT985742.1	T	C
Qrob_Chr10	46086350	LT985742.1	T	G
Qrob_Chr10	46086364	LT985742.1	T	G
Qrob_Chr10	46086400	LT985742.1	G	A
Qrob_Chr10	49081079	LT985742.1	G	A
Qrob_Chr10	49081082	LT985742.1	T	C
Qrob_Chr10	49081083	LT985742.1	C	T
Qrob_Chr10	49081105	LT985742.1	C	G
Qrob_Chr10	49081194	LT985742.1	G	T
Qrob_Chr10	49172328	LT985742.1	A	T
Qrob_Chr10	49172367	LT985742.1	T	C
Qrob_Chr10	49172401	LT985742.1	C	A
Qrob_Chr10	49172403	LT985742.1	T	A
Qrob_Chr10	49172427	LT985742.1	T	A
Qrob_Chr10	49172442	LT985742.1	T	A
Qrob_Chr10	49172456	LT985742.1	A	C
Qrob_Chr10	49172477	LT985742.1	A	T
Qrob_Chr10	49172489	LT985742.1	G	A
Qrob_Chr10	49172491	LT985742.1	G	A
Qrob_Chr10	49172503	LT985742.1	C	T
Qrob_Chr10	49172525	LT985742.1	T	C
Qrob_Chr10	49172533	LT985742.1	A	G
Qrob_Chr10	49172538	LT985742.1	C	T
Qrob_Chr10	49172549	LT985742.1	A	G
Qrob_Chr10	49172551	LT985742.1	A	G
Qrob_Chr11	69624	LT985743.1	A	G
Qrob_Chr11	69633	LT985743.1	C	T
Qrob_Chr11	69642	LT985743.1	T	C
Qrob_Chr11	69644	LT985743.1	C	A
Qrob_Chr11	69646	LT985743.1	T	C
Qrob_Chr11	69649	LT985743.1	C	T
Qrob_Chr11	69675	LT985743.1	C	A
Qrob_Chr11	351637	LT985743.1	A	G
Qrob_Chr11	351646	LT985743.1	A	C
Qrob_Chr11	351671	LT985743.1	G	T
Qrob_Chr11	351682	LT985743.1	T	A
Qrob_Chr11	351687	LT985743.1	T	C
Qrob_Chr11	351694	LT985743.1	G	A
Qrob_Chr11	351886	LT985743.1	C	T
Qrob_Chr11	425991	LT985743.1	G	T
Qrob_Chr11	426026	LT985743.1	A	T
Qrob_Chr11	426080	LT985743.1	A	G
Qrob_Chr11	426109	LT985743.1	A	T
Qrob_Chr11	426134	LT985743.1	T	C
Qrob_Chr11	426197	LT985743.1	C	T
Qrob_Chr11	426217	LT985743.1	T	C
Qrob_Chr11	426253	LT985743.1	T	C
Qrob_Chr11	426295	LT985743.1	T	C
Qrob_Chr11	2579134	LT985743.1	T	C
Qrob_Chr11	2579142	LT985743.1	A	G
Qrob_Chr11	2579151	LT985743.1	T	G
Qrob_Chr11	2579176	LT985743.1	A	G
Qrob_Chr11	2579184	LT985743.1	T	C
Qrob_Chr11	2579193	LT985743.1	G	A
Qrob_Chr11	2579194	LT985743.1	C	T
Qrob_Chr11	2579198	LT985743.1	A	G
Qrob_Chr11	2579218	LT985743.1	T	C
Qrob_Chr11	2579225	LT985743.1	A	G
Qrob_Chr11	2931799	LT985743.1	T	G
Qrob_Chr11	2931904	LT985743.1	C	T
Qrob_Chr11	17125530	LT985743.1	C	T
Qrob_Chr11	17125537	LT985743.1	A	G
Qrob_Chr11	17125612	LT985743.1	G	A
Qrob_Chr11	19570449	LT985743.1	G	T
Qrob_Chr11	19570470	LT985743.1	C	T
Qrob_Chr11	19570494	LT985743.1	C	T
Qrob_Chr11	20627114	LT985743.1	T	C
Qrob_Chr11	20627162	LT985743.1	T	A
Qrob_Chr11	20627172	LT985743.1	T	C
Qrob_Chr11	20627211	LT985743.1	T	C
Qrob_Chr11	20627216	LT985743.1	T	A
Qrob_Chr11	21461532	LT985743.1	A	G
Qrob_Chr11	21461544	LT985743.1	G	A
Qrob_Chr11	21461567	LT985743.1	T	G
Qrob_Chr11	21461568	LT985743.1	T	A
Qrob_Chr11	21461643	LT985743.1	C	T
Qrob_Chr11	21461823	LT985743.1	C	A
Qrob_Chr11	22975350	LT985743.1	C	T
Qrob_Chr11	22975422	LT985743.1	G	A
Qrob_Chr11	22975466	LT985743.1	T	C
Qrob_Chr11	22975514	LT985743.1	T	A
Qrob_Chr11	24443776	LT985743.1	C	G
Qrob_Chr11	24443788	LT985743.1	G	T
Qrob_Chr11	24443810	LT985743.1	A	T
Qrob_Chr11	24443925	LT985743.1	A	G
Qrob_Chr11	24738072	LT985743.1	T	C
Qrob_Chr11	24739749	LT985743.1	A	G
Qrob_Chr11	24739763	LT985743.1	G	A
Qrob_Chr11	24739848	LT985743.1	T	G
Qrob_Chr11	24739854	LT985743.1	A	G
Qrob_Chr11	25824979	LT985743.1	A	G
Qrob_Chr11	27767896	LT985743.1	A	G
Qrob_Chr11	27769378	LT985743.1	T	C
Qrob_Chr11	27769537	LT985743.1	A	C
Qrob_Chr11	27769541	LT985743.1	T	G
Qrob_Chr11	27769785	LT985743.1	C	T
Qrob_Chr11	27817824	LT985743.1	G	C
Qrob_Chr11	27825299	LT985743.1	C	G
Qrob_Chr11	30075708	LT985743.1	T	G
Qrob_Chr11	30075727	LT985743.1	G	A
Qrob_Chr11	33446629	LT985743.1	A	G
Qrob_Chr11	33446833	LT985743.1	T	C
Qrob_Chr11	33446837	LT985743.1	A	G
Qrob_Chr11	34410353	LT985743.1	C	G
Qrob_Chr11	34410403	LT985743.1	T	A
Qrob_Chr11	34410410	LT985743.1	T	C
Qrob_Chr11	34410496	LT985743.1	G	T
Qrob_Chr11	34410513	LT985743.1	G	A
Qrob_Chr11	34410529	LT985743.1	T	A
Qrob_Chr11	34410537	LT985743.1	A	G
Qrob_Chr11	42512018	LT985743.1	G	A
Qrob_Chr11	42512212	LT985743.1	A	T
Qrob_Chr11	42512219	LT985743.1	T	C
Qrob_Chr11	42512304	LT985743.1	A	T
Qrob_Chr11	43258822	LT985743.1	T	C
Qrob_Chr11	43258891	LT985743.1	G	A
Qrob_Chr11	43258910	LT985743.1	C	T
Qrob_Chr11	44351149	LT985743.1	A	G
Qrob_Chr11	44351154	LT985743.1	G	A
Qrob_Chr11	44351159	LT985743.1	G	A
Qrob_Chr11	44351180	LT985743.1	G	A
Qrob_Chr11	44351230	LT985743.1	T	C
Qrob_Chr11	44351238	LT985743.1	C	T
Qrob_Chr11	44351239	LT985743.1	C	T
Qrob_Chr11	44351278	LT985743.1	T	A
Qrob_Chr11	47246832	LT985743.1	C	T
Qrob_Chr11	47246885	LT985743.1	G	A
Qrob_Chr11	47246887	LT985743.1	T	C
Qrob_Chr11	47246913	LT985743.1	T	C
Qrob_Chr11	48105876	LT985743.1	C	A
Qrob_Chr11	48105962	LT985743.1	A	G
Qrob_Chr11	48106074	LT985743.1	A	G
Qrob_Chr11	48106086	LT985743.1	A	T
Qrob_Chr11	48106090	LT985743.1	A	G
Qrob_Chr11	48856651	LT985743.1	T	A
Qrob_Chr11	48856670	LT985743.1	A	C
Qrob_Chr11	48856678	LT985743.1	A	T
Qrob_Chr11	48856696	LT985743.1	C	T
Qrob_Chr11	48856711	LT985743.1	A	G
Qrob_Chr11	48856714	LT985743.1	C	T
Qrob_Chr11	48856753	LT985743.1	T	A
Qrob_Chr11	48856790	LT985743.1	C	A
Qrob_Chr11	51131406	LT985743.1	G	A
Qrob_Chr11	51131446	LT985743.1	G	T
Qrob_Chr11	51549936	LT985743.1	G	A
Qrob_Chr11	51549971	LT985743.1	A	T
Qrob_Chr11	51550029	LT985743.1	T	G
Qrob_Chr11	51550060	LT985743.1	C	T
Qrob_Chr11	51743042	LT985743.1	T	C
Qrob_Chr11	51743044	LT985743.1	G	A
Qrob_Chr11	51743063	LT985743.1	A	C
Qrob_Chr11	51743097	LT985743.1	A	T
Qrob_Chr11	51743134	LT985743.1	C	A
Qrob_Chr12	10777408	LT985744.1	C	A
Qrob_Chr12	16866293	LT985744.1	A	T
Qrob_Chr12	16866300	LT985744.1	G	A
Qrob_Chr12	16866308	LT985744.1	G	A
Qrob_Chr12	17089134	LT985744.1	C	T
Qrob_Chr12	20791965	LT985744.1	A	G
Qrob_Chr12	20792034	LT985744.1	C	G
Qrob_Chr12	21130178	LT985744.1	C	G
Qrob_Chr12	22359078	LT985744.1	A	G
Qrob_Chr12	22359087	LT985744.1	A	G
Qrob_Chr12	22359163	LT985744.1	C	T
Qrob_Chr12	22359230	LT985744.1	A	C
Qrob_Chr12	23160533	LT985744.1	T	C
Qrob_Chr12	23160578	LT985744.1	G	A
Qrob_Chr12	27809012	LT985744.1	G	C
Qrob_Chr12	27809013	LT985744.1	A	G
Qrob_Chr12	27809095	LT985744.1	G	A
Qrob_Chr12	27809111	LT985744.1	T	C
Qrob_Chr12	30312086	LT985744.1	C	T
Qrob_Chr12	30312101	LT985744.1	G	A
Qrob_Chr12	30312129	LT985744.1	C	T
Qrob_Chr12	30312133	LT985744.1	G	A
Qrob_Chr12	30368324	LT985744.1	C	T
Qrob_Chr12	30368325	LT985744.1	G	A
Qrob_Chr12	30368329	LT985744.1	C	G
Qrob_Chr12	30368346	LT985744.1	A	G
Qrob_Chr12	30368395	LT985744.1	T	C
Qrob_Chr12	30368444	LT985744.1	C	A
Qrob_Chr12	30368446	LT985744.1	A	G
Qrob_Chr12	30368454	LT985744.1	A	G
Qrob_Chr12	30368704	LT985744.1	C	G
Qrob_Chr12	33810185	LT985744.1	A	G
Qrob_Chr12	33810213	LT985744.1	G	A
Qrob_Chr12	33810301	LT985744.1	C	G
Qrob_Chr12	35999819	LT985744.1	C	T
Qrob_Chr12	35999857	LT985744.1	A	G
Qrob_Chr12	37065948	LT985744.1	A	G
Qrob_Chr12	37066094	LT985744.1	A	C
Qrob_Chr12	37807879	LT985744.1	A	T
Qrob_Chr12	37807910	LT985744.1	T	C
Qrob_Chr12	37808019	LT985744.1	G	A
Qrob_Chr12	37808043	LT985744.1	T	C
Qrob_Chr12	37808076	LT985744.1	T	C
Qrob_Chr12	37808084	LT985744.1	G	A
Qrob_Chr12	37808091	LT985744.1	T	C
Qrob_Chr12	37808109	LT985744.1	A	G
Qrob_Chr12	37808115	LT985744.1	A	G
Qrob_Chr12	39612723	LT985744.1	G	A
Qrob_Chr12	39612804	LT985744.1	G	A
